Name of Entity,Link to PDF,State Reported,Source(s),Date Notice Provided to Consumers
Doctors Management Service Inc ,https://ago.vermont.gov/blog/2019/04/24/doctors-management-service-inc-sbn-to-consumers/,Vermont,https://ago.vermont.gov/archived-security-breaches/,2019-04-24 00:00:00
Doctors Management Service Inc ,https://ago.vermont.gov/blog/2019/04/24/doctors-management-service-inc-sbn-to-consumers/,Vermont,https://ago.vermont.gov/archived-security-breaches/,2019-04-24 00:00:00
Maine Maritime Academy ,https://ago.vermont.gov/blog/2019/04/24/maine-maritime-academy-sbn-to-consumers/,Vermont,https://ago.vermont.gov/archived-security-breaches/,2019-04-24 00:00:00
Color Street ,https://ago.vermont.gov/blog/2019/04/24/color-street-sbn-to-consumers/,Vermont,https://ago.vermont.gov/archived-security-breaches/,2019-04-24 00:00:00
flexPATH Strategies LLC ,https://ago.vermont.gov/blog/2019/04/24/flexpath-strategies-llc-sbn-to-consumers/,Vermont,https://ago.vermont.gov/archived-security-breaches/,2019-04-24 00:00:00
Dr TY Steven Ip MD FACS ,https://ago.vermont.gov/blog/2019/04/24/dr-ty-steven-ip-md-facs-sbn-to-consumers/,Vermont,https://ago.vermont.gov/archived-security-breaches/,2019-04-24 00:00:00
Union Benefit Planners ,https://ago.vermont.gov/blog/2019/04/18/union-benefit-planners-sbn-to-consumers/,Vermont,https://ago.vermont.gov/archived-security-breaches/,2019-04-18 00:00:00
Union Benefit Planners ,https://ago.vermont.gov/blog/2019/04/18/union-benefit-planners-sbn-to-consumers/,Vermont,https://ago.vermont.gov/archived-security-breaches/,2019-04-18 00:00:00
Union Benefit Planners ,https://ago.vermont.gov/blog/2019/04/18/union-benefit-planners-sbn-to-consumers/,Vermont,https://ago.vermont.gov/archived-security-breaches/,2019-04-18 00:00:00
Union Benefit Planners ,https://ago.vermont.gov/blog/2019/04/18/union-benefit-planners-sbn-to-consumers/,Vermont,https://ago.vermont.gov/archived-security-breaches/,2019-04-18
The Shubert Organization ,https://ago.vermont.gov/blog/2019/04/18/the-shubert-organization-sbn-to-consumers/,Vermont,https://ago.vermont.gov/archived-security-breaches/,2019-04-18
Discover ,https://ago.vermont.gov/blog/2019/04/18/discover-sbn-to-consumers-3/,Vermont,https://ago.vermont.gov/archived-security-breaches/,2019-04-18
2019-04-15 Intuit ,https://ago.vermont.gov/blog/2019/04/18/2019-04-15-intuit-sbn-to-consumers/,Vermont,https://ago.vermont.gov/archived-security-breaches/,2019-04-18
Mountain Valley Regional Rehab Hospital ,https://ago.vermont.gov/blog/2019/04/18/mountain-valley-regional-rehab-hospital-sbn-to-consumers/,Vermont,https://ago.vermont.gov/archived-security-breaches/,2019-04-18
Cincinnatus Savings and Loan ,https://ago.vermont.gov/blog/2019/04/16/cincinnatus-savings-and-loan-notice-of-data-breach-to-consumers/,Vermont,https://ago.vermont.gov/archived-security-breaches/,2019-04-16
Jacor Enterprises LLC dba Volcano eCigs ,https://ago.vermont.gov/blog/2019/04/16/jacor-enterprises-llc-dba-volcano-ecigs-notice-of-data-breach-to-consumers/,Vermont,https://ago.vermont.gov/archived-security-breaches/,2019-04-16
Merrick Bank ,https://ago.vermont.gov/blog/2019/04/12/merrick-bank-notice-of-data-breach-to-consumers/,Vermont,https://ago.vermont.gov/archived-security-breaches/,2019-04-12
Alana Healthcare ,https://ago.vermont.gov/blog/2019/04/12/alana-healthcare-notice-of-data-breach-to-consumers/,Vermont,https://ago.vermont.gov/archived-security-breaches/,2019-04-12
Wingate Wealth Advisors ,https://ago.vermont.gov/blog/2019/04/11/wingate-wealth-advisors-notice-of-data-breach-to-consumers/,Vermont,https://ago.vermont.gov/archived-security-breaches/,2019-04-11
Wingate Wealth Advisors ,https://ago.vermont.gov/blog/2019/04/11/wingate-wealth-advisors-notice-of-data-breach-to-consumers-2/,Vermont,https://ago.vermont.gov/archived-security-breaches/,2019-04-11
Canyon Bakehouse LLC ,https://ago.vermont.gov/blog/2019/04/09/canyon-bakehouse-llc-notice-of-data-breach-to-consumers-2/,Vermont,https://ago.vermont.gov/archived-security-breaches/,2019-04-09
Colgate University Redacted ,https://ago.vermont.gov/blog/2019/04/09/colgate-university-redacted-notice-of-data-breach-to-consumers/,Vermont,https://ago.vermont.gov/archived-security-breaches/,2019-04-09
Duke University ,https://ago.vermont.gov/blog/2019/04/09/duke-university-notice-of-data-breach-to-consumers/,Vermont,https://ago.vermont.gov/archived-security-breaches/,2019-04-09
Canyon Bakehouse LLC ,https://ago.vermont.gov/blog/2019/04/09/canyon-bakehouse-llc-notice-of-data-breach-to-consumers/,Vermont,https://ago.vermont.gov/archived-security-breaches/,2019-04-09
Community College of Allegheny County ,https://ago.vermont.gov/blog/2019/04/05/community-college-of-allegheny-county-notice-of-data-breach-to-consumers/,Vermont,https://ago.vermont.gov/archived-security-breaches/,2019-04-05
"Jobscience, Inc ",https://ago.vermont.gov/blog/2019/04/05/jobscience-inc-notice-of-data-breach-to-consumers/,Vermont,https://ago.vermont.gov/archived-security-breaches/,2019-04-05
"Collier Heggerness & Bronk CPA’s PS Inc., ",https://ago.vermont.gov/blog/2019/04/03/collier-heggerness-bronk-cpas-ps-inc-notice-of-data-breach-to-consumers/,Vermont,https://ago.vermont.gov/archived-security-breaches/,2019-04-03
"RSC Insurance Brokerage, Inc. ",https://ago.vermont.gov/blog/2019/04/03/rsc-insurance-brokerage-inc-notice-of-data-breach-to-consumers/,Vermont,https://ago.vermont.gov/archived-security-breaches/,2019-04-03
Key West Hotels LLC ,https://ago.vermont.gov/blog/2019/04/02/key-west-hotels-llc-notice-of-data-breach-to-consumers/,Vermont,https://ago.vermont.gov/archived-security-breaches/,2019-04-02
"The City of Winter Park, Florida ",https://ago.vermont.gov/blog/2019/04/02/the-city-of-winter-park-florida-notice-of-data-breach-to-consumers/,Vermont,https://ago.vermont.gov/archived-security-breaches/,2019-04-02
"Auto Truck Kargo Equipment, LLC ",https://ago.vermont.gov/blog/2019/04/02/auto-truck-kargo-equipment-llc-notice-of-data-breach-to-consumers/,Vermont,https://ago.vermont.gov/archived-security-breaches/,2019-04-02
CM Group Holdings-Creative Memories ,https://ago.vermont.gov/blog/2019/04/01/cm-group-holdings-creative-memories-notice-of-data-breach-to-consumers/,Vermont,https://ago.vermont.gov/archived-security-breaches/,2019-04-01
Fellowship of Catholic University Students ,https://ago.vermont.gov/blog/2019/03/29/fellowship-of-catholic-university-students-notice-of-data-breach-to-consumers/,Vermont,https://ago.vermont.gov/archived-security-breaches/,2019-03-29
Coinmama-New Bit Ventures Ltd ,https://ago.vermont.gov/blog/2019/03/29/coinmama-new-bit-ventures-ltd-notice-of-data-breach-to-consumers/,Vermont,https://ago.vermont.gov/archived-security-breaches/,2019-03-29
Earl Enterprises ,https://ago.vermont.gov/blog/2019/03/29/earl-enterprises-notice-of-data-breach-to-consumers/,Vermont,https://ago.vermont.gov/archived-security-breaches/,2019-03-29
Columbia Forest Products ,https://ago.vermont.gov/blog/2019/03/29/columbia-forest-products-notice-of-data-breach-to-consumers/,Vermont,https://ago.vermont.gov/archived-security-breaches/,2019-03-29
University of Vermont ,https://ago.vermont.gov/blog/2019/03/28/university-of-vermont-notice-of-data-breach-to-consumers/,Vermont,https://ago.vermont.gov/archived-security-breaches/,2019-03-28
Superior Dental Care ,https://ago.vermont.gov/blog/2019/03/25/superior-dental-care-notice-of-data-breach-to-consumers/,Vermont,https://ago.vermont.gov/archived-security-breaches/,2019-03-25
Navicent Health ,https://ago.vermont.gov/blog/2019/03/22/navicent-health-notice-of-data-breach-to-consumers/,Vermont,https://ago.vermont.gov/archived-security-breaches/,2019-03-22
TriBike Transport ,https://ago.vermont.gov/blog/2019/03/22/tribike-transport-notice-of-data-breach-to-consumers/,Vermont,https://ago.vermont.gov/archived-security-breaches/,2019-03-22
Brighton Collectibles ,https://ago.vermont.gov/blog/2019/03/22/brighton-collectibles-notice-of-data-breach-to-consumers/,Vermont,https://ago.vermont.gov/archived-security-breaches/,2019-03-22
WesternTechnical College ,https://ago.vermont.gov/blog/2019/03/21/westerntechnical-college-notice-of-data-breach-to-consumers/,Vermont,https://ago.vermont.gov/archived-security-breaches/,2019-03-21
Tempo Inc ,https://ago.vermont.gov/blog/2019/03/21/tempo-inc-notice-of-data-breach-to-consumers/,Vermont,https://ago.vermont.gov/archived-security-breaches/,2019-03-21
EMC Business Solutions ,https://ago.vermont.gov/blog/2019/03/18/emc-business-solutions-notice-of-data-breach-to-consumers/,Vermont,https://ago.vermont.gov/archived-security-breaches/,2019-03-18
Kathmandu Limited ,https://ago.vermont.gov/blog/2019/03/18/kathmandu-limited-notice-of-data-breach-to-consumers/,Vermont,https://ago.vermont.gov/archived-security-breaches/,2019-03-18
"Eye Buy Direct, Inc ",https://ago.vermont.gov/blog/2019/03/18/eye-buy-direct-inc-notice-of-data-breach-to-consumers/,Vermont,https://ago.vermont.gov/archived-security-breaches/,2019-03-18
Cherrydale Fundraising ,https://ago.vermont.gov/blog/2019/03/15/cherrydale-fundraising-notice-of-data-breach-to-consumers/,Vermont,https://ago.vermont.gov/archived-security-breaches/,2019-03-15
Cremation Society of Pennsylvania ,https://ago.vermont.gov/blog/2019/03/15/cremation-society-of-pennsylvania-notice-of-data-breach-to-consumers/,Vermont,https://ago.vermont.gov/archived-security-breaches/,2019-03-15
Discover ,https://ago.vermont.gov/blog/2019/03/14/discover-notice-of-data-breach-to-consumers-5/,Vermont,https://ago.vermont.gov/archived-security-breaches/,2019-03-14
James Perse Enterprises ,https://ago.vermont.gov/blog/2019/03/13/james-perse-enterprises-notice-of-data-breach-to-consumers/,Vermont,https://ago.vermont.gov/archived-security-breaches/,2019-03-13
Rutland Regional Medical Center ,https://ago.vermont.gov/blog/2019/03/12/rutland-regional-medical-center-notice-of-data-breach-to-consumers/,Vermont,https://ago.vermont.gov/archived-security-breaches/,2019-03-12
Intuit Inc. Turbo Tax ,https://ago.vermont.gov/blog/2019/03/12/intuit-inc-turbo-tax-notice-of-data-breach-to-consumers/,Vermont,https://ago.vermont.gov/archived-security-breaches/,2019-03-12
Harland Clarke Corp ,https://ago.vermont.gov/blog/2019/03/12/harland-clarke-corp-notice-of-data-breach-to-consumers/,Vermont,https://ago.vermont.gov/archived-security-breaches/,2019-03-12
International Vapor Group ,https://ago.vermont.gov/blog/2019/03/12/international-vapor-group-notice-of-data-breach-to-consumers-2/,Vermont,https://ago.vermont.gov/archived-security-breaches/,2019-03-12
International Vapor Group ,https://ago.vermont.gov/blog/2019/03/12/international-vapor-group-notice-of-data-breach-to-consumers/,Vermont,https://ago.vermont.gov/archived-security-breaches/,2019-03-12
Polaris Real Estate Partners ,https://ago.vermont.gov/blog/2019/03/11/polaris-real-estate-partners-notice-of-data-breach-to-consumers/,Vermont,https://ago.vermont.gov/archived-security-breaches/,2019-03-11
Bamboo HR LLC ,https://ago.vermont.gov/blog/2019/03/11/bamboo-hr-llc-notice-of-data-breach-to-consumers/,Vermont,https://ago.vermont.gov/archived-security-breaches/,2019-03-11
Supplemental OnCourse Learning Corp ,https://ago.vermont.gov/blog/2019/03/08/supplemental-oncourse-learning-corp-notice-of-data-breach-to-consumers/,Vermont,https://ago.vermont.gov/archived-security-breaches/,2019-03-08
Velan Studios ,https://ago.vermont.gov/blog/2019/03/08/velan-studios-notice-of-data-breach-to-consumers/,Vermont,https://ago.vermont.gov/archived-security-breaches/,2019-03-08
"Stevens, Powell & Company, P.A. ",https://ago.vermont.gov/blog/2019/03/08/stevens-powell-company-p-a-notice-of-data-breach-to-consumers/,Vermont,https://ago.vermont.gov/archived-security-breaches/,2019-03-08
Emerson Hospital ,https://ago.vermont.gov/blog/2019/03/08/emerson-hospital-notice-of-data-breach-to-consumers/,Vermont,https://ago.vermont.gov/archived-security-breaches/,2019-03-08
Rush ,https://ago.vermont.gov/blog/2019/03/07/rush-notice-of-data-breach-to-consumers/,Vermont,https://ago.vermont.gov/archived-security-breaches/,2019-03-07
"Temptu, Inc. ",https://ago.vermont.gov/blog/2019/03/04/temptu-inc-notice-of-data-breach-to-consumers/,Vermont,https://ago.vermont.gov/archived-security-breaches/,2019-03-04
St. Francis Physician Servcies ,https://ago.vermont.gov/blog/2019/03/04/st-francis-physician-servcies-notice-of-data-breach-to-consumers/,Vermont,https://ago.vermont.gov/archived-security-breaches/,2019-03-04
BLD-AssuredPartners ,https://ago.vermont.gov/blog/2019/02/27/bld-assuredpartners-notice-of-data-breach-to-consumers/,Vermont,https://ago.vermont.gov/archived-security-breaches/,2019-02-27
"Capital Asset Management Group, Inc. ",https://ago.vermont.gov/blog/2019/02/26/capital-asset-management-group-inc-notice-of-data-breach-to-consumers/,Vermont,https://ago.vermont.gov/archived-security-breaches/,2019-02-26
DiPardo Eremic & Co. CPA’s ,https://ago.vermont.gov/blog/2019/02/25/dipardo-eremic-co-cpas-notice-of-data-breach-to-consumers/,Vermont,https://ago.vermont.gov/archived-security-breaches/,2019-02-25
Discover ,https://ago.vermont.gov/blog/2019/02/25/discover-notice-of-data-breach-to-consumers-4/,Vermont,https://ago.vermont.gov/archived-security-breaches/,2019-02-25
Pasquotank County ,https://ago.vermont.gov/blog/2019/02/25/pasquotank-county-notice-of-data-breach-to-consumers/,Vermont,https://ago.vermont.gov/archived-security-breaches/,2019-02-25
"Investment Professionals, Inc ",https://ago.vermont.gov/blog/2019/02/25/investment-professionals-inc-notice-of-data-breach-to-consumers-2/,Vermont,https://ago.vermont.gov/archived-security-breaches/,2019-02-25
"Investment Professionals, Inc ",https://ago.vermont.gov/blog/2019/02/25/investment-professionals-inc-notice-of-data-breach-to-consumers/,Vermont,https://ago.vermont.gov/archived-security-breaches/,2019-02-25
Intuit ,https://ago.vermont.gov/blog/2019/02/22/intuit-notice-of-data-breach-to-consumers/,Vermont,https://ago.vermont.gov/archived-security-breaches/,2019-02-22
Welk Resort Group ,https://ago.vermont.gov/blog/2019/02/22/welk-resort-group-notice-of-data-breach-to-consumers/,Vermont,https://ago.vermont.gov/archived-security-breaches/,2019-02-22
Direct Scripts ,https://ago.vermont.gov/blog/2019/02/22/direct-scripts-notice-of-data-breach-to-consumers/,Vermont,https://ago.vermont.gov/archived-security-breaches/,2019-02-22
The Topps Company Inc. ,https://ago.vermont.gov/blog/2019/02/21/the-topps-company-inc-notice-of-data-breach-to-consumers/,Vermont,https://ago.vermont.gov/archived-security-breaches/,2019-02-21
Rennline Automotive ,https://ago.vermont.gov/blog/2019/02/21/rennline-automotive-notice-of-data-breach-to-consumers/,Vermont,https://ago.vermont.gov/archived-security-breaches/,2019-02-21
"Direct Distributors, Inc ",https://ago.vermont.gov/blog/2019/02/21/direct-distributors-inc-notice-of-data-breach-to-consumers/,Vermont,https://ago.vermont.gov/archived-security-breaches/,2019-02-21
"Data Facts, Inc ",https://ago.vermont.gov/blog/2019/02/21/data-facts-inc-notice-of-data-breach-to-consumers/,Vermont,https://ago.vermont.gov/archived-security-breaches/,2019-02-21
Wentworth Institute of Technology ,https://ago.vermont.gov/blog/2019/02/19/wentworth-institute-of-technology-notice-of-data-breach-to-consumers/,Vermont,https://ago.vermont.gov/archived-security-breaches/,2019-02-19
2018-10-05 Five Below Inc ,https://ago.vermont.gov/blog/2019/02/15/2018-10-05-five-below-inc-sbn-to-consumers/,Vermont,https://ago.vermont.gov/archived-security-breaches/,2019-02-15
North 40 ,https://ago.vermont.gov/blog/2019/02/15/north-40-sbn-to-consumers/,Vermont,https://ago.vermont.gov/archived-security-breaches/,2019-02-15
Print EZ ,https://ago.vermont.gov/blog/2019/02/15/print-ez-notice-of-data-breach-to-consumers/,Vermont,https://ago.vermont.gov/archived-security-breaches/,2019-02-15
Pillow Pets ,https://ago.vermont.gov/blog/2019/02/15/pillow-pets-notice-of-data-breach-to-consumers/,Vermont,https://ago.vermont.gov/archived-security-breaches/,2019-02-15
Ascension Data & Analytics LLC ,https://ago.vermont.gov/blog/2019/02/12/ascension-data-analytics-llc-sbn-to-consumers/,Vermont,https://ago.vermont.gov/archived-security-breaches/,2019-02-12
"American Tire Distributors, Inc. ",https://ago.vermont.gov/blog/2019/02/08/american-tire-distributors-inc-notice-of-data-breach-to-consumers/,Vermont,https://ago.vermont.gov/archived-security-breaches/,2019-02-08
"Katz, Sapper & Miller ",https://ago.vermont.gov/blog/2019/02/08/katz-sapper-miller-notice-of-data-breach-to-consumers/,Vermont,https://ago.vermont.gov/archived-security-breaches/,2019-02-08
"Dunkin Brands, Inc. ",https://ago.vermont.gov/blog/2019/02/08/dunkin-brands-inc-notice-of-data-breach-to-consumers-2/,Vermont,https://ago.vermont.gov/archived-security-breaches/,2019-02-08
"American Tire Distributors, Inc. ",https://ago.vermont.gov/blog/2019/02/08/american-tire-distributors-inc-notice-of-data-breach-to-consumers-2/,Vermont,https://ago.vermont.gov/archived-security-breaches/,2019-02-08
Graf & Sons Inc. ,https://ago.vermont.gov/blog/2019/02/06/grav-sons-inc-notice-of-data-breach-to-consumers/,Vermont,https://ago.vermont.gov/archived-security-breaches/,2019-02-06
Pharmacy Times Office fo Continuing Professional Education LLC ,https://ago.vermont.gov/blog/2019/02/06/pharmacy-times-office-fo-continuing-professional-education-llc-notice-of-data-breach-to-consumers-2/,Vermont,https://ago.vermont.gov/archived-security-breaches/,2019-02-06
Graf & Sons Inc. ,https://ago.vermont.gov/blog/2019/02/06/graf-sons-inc-notice-of-data-breach-to-consumers/,Vermont,https://ago.vermont.gov/archived-security-breaches/,2019-02-06
Akwa Vista LLC S,https://ago.vermont.gov/blog/2019/02/06/akwa-vista-llc-snotice-of-data-breach-to-consumers/,Vermont,https://ago.vermont.gov/archived-security-breaches/,2019-02-06
Pharmacy Times Office fo Continuing Professional Education LLC ,https://ago.vermont.gov/blog/2019/02/06/pharmacy-times-office-fo-continuing-professional-education-llc-notice-of-data-breach-to-consumers/,Vermont,https://ago.vermont.gov/archived-security-breaches/,2019-02-06
Akwa Vista LLC ,https://ago.vermont.gov/blog/2019/02/06/akwa-vista-llc-notice-of-data-breach-to-consumers/,Vermont,https://ago.vermont.gov/archived-security-breaches/,2019-02-06
Abbott Laboratories ,https://ago.vermont.gov/blog/2019/02/05/abbott-laboratories-notice-of-data-breach-to-consumers/,Vermont,https://ago.vermont.gov/archived-security-breaches/,2019-02-05
Don Best Sports Corporation and DBS Canada Corporation ,https://ago.vermont.gov/blog/2019/02/05/don-best-sports-corporation-and-dbs-canada-corporation-notice-of-data-breach-to-consumers/,Vermont,https://ago.vermont.gov/archived-security-breaches/,2019-02-05
Abbott Laboratories ,https://ago.vermont.gov/blog/2019/02/05/abbott-laboratories-notice-of-data-breach-to-consumers-2/,Vermont,https://ago.vermont.gov/archived-security-breaches/,2019-02-05
"Borough of Beach Haven, New Jersey ",https://ago.vermont.gov/blog/2019/01/31/borough-of-beach-haven-new-jersey-notice-of-data-breach-to-consumers/,Vermont,https://ago.vermont.gov/archived-security-breaches/,2019-01-31
Supplemental Reliable REspiratory ,https://ago.vermont.gov/blog/2019/01/31/supplemental-reliable-respiratory-notice-of-data-breach-to-consumers/,Vermont,https://ago.vermont.gov/archived-security-breaches/,2019-01-31
Saline Picture Frame Company ,https://ago.vermont.gov/blog/2019/01/31/saline-picture-frame-company-notice-of-data-breach-to-consumers/,Vermont,https://ago.vermont.gov/archived-security-breaches/,2019-01-31
Reliable Respiratory ,https://ago.vermont.gov/blog/2019/01/31/reliable-respiratory-notice-of-data-breach-to-consumers/,Vermont,https://ago.vermont.gov/archived-security-breaches/,2019-01-31
Defenders Inc ,https://ago.vermont.gov/blog/2019/01/31/defenders-inc-notice-of-data-breach-to-consumers/,Vermont,https://ago.vermont.gov/archived-security-breaches/,2019-01-31
"Borough of Beach Haven, New Jersey ",https://ago.vermont.gov/blog/2019/01/31/borough-of-beach-haven-new-jersey-notice-of-data-breach-to-consumers-2/,Vermont,https://ago.vermont.gov/archived-security-breaches/,2019-01-31
"Image-I-Nation Technologies, Inc. ",https://ago.vermont.gov/blog/2019/01/30/image-i-nation-technologies-inc-notice-of-data-breach-to-consumers/,Vermont,https://ago.vermont.gov/archived-security-breaches/,2019-01-30
"2019-01-30 Image-I-Nation Technologies, Inc. ",https://ago.vermont.gov/blog/2019/01/30/2019-01-30-image-i-nation-technologies-inc-notice-of-data-breach-to-consumers/,Vermont,https://ago.vermont.gov/archived-security-breaches/,2019-01-30
AdventHealth Medical Group ,https://ago.vermont.gov/blog/2019/01/29/adventhealth-medical-group-sbn-to-consumers/,Vermont,https://ago.vermont.gov/archived-security-breaches/,2019-01-29
Wausau MedMal Management Services ,https://ago.vermont.gov/blog/2019/01/25/wausau-medmal-management-services-sbn-to-consumers/,Vermont,https://ago.vermont.gov/archived-security-breaches/,2019-01-25
Association of National Advertisers ,https://ago.vermont.gov/blog/2019/01/25/association-of-national-advertisers-sbn-to-consumers/,Vermont,https://ago.vermont.gov/archived-security-breaches/,2019-01-25
Nova Southeastern University ,https://ago.vermont.gov/blog/2019/01/25/nova-southeastern-university-notice-of-data-breach-to-consumers/,Vermont,https://ago.vermont.gov/archived-security-breaches/,2019-01-25
NCH Corporation ,https://ago.vermont.gov/blog/2019/01/25/nch-corporation-notice-of-data-breach-to-consumers/,Vermont,https://ago.vermont.gov/archived-security-breaches/,2019-01-25
"Dr. DeLuca Dr. Marciano & Associates, P.C. ",https://ago.vermont.gov/blog/2019/01/25/dr-deluca-dr-marciano-associates-p-c-notice-of-data-breach-to-consumers/,Vermont,https://ago.vermont.gov/archived-security-breaches/,2019-01-25
AdventHealth Medical Group ,https://ago.vermont.gov/blog/2019/01/25/adventhealth-medical-group-notice-of-data-breach-to-consumers/,Vermont,https://ago.vermont.gov/archived-security-breaches/,2019-01-25
Dr DeLuca Dr. Marciano Associates PC ,https://ago.vermont.gov/blog/2019/01/25/dr-deluca-dr-marciano-associates-pc-sbn-to-consumers/,Vermont,https://ago.vermont.gov/archived-security-breaches/,2019-01-25
NCH Corporation ,https://ago.vermont.gov/blog/2019/01/25/nch-corporation-sbn-to-consumers/,Vermont,https://ago.vermont.gov/archived-security-breaches/,2019-01-25
Nova Southeastern University ,https://ago.vermont.gov/blog/2019/01/25/nova-southeastern-university-sbn-to-consumers/,Vermont,https://ago.vermont.gov/archived-security-breaches/,2019-01-25
RevolutionParts ,https://ago.vermont.gov/blog/2019/01/24/revolutionparts-notice-of-data-breach-to-consumers/,Vermont,https://ago.vermont.gov/archived-security-breaches/,2019-01-24
Discover ,https://ago.vermont.gov/blog/2019/01/23/discover-sbn-to-consumers-2/,Vermont,https://ago.vermont.gov/archived-security-breaches/,2019-01-23
ALM Media ,https://ago.vermont.gov/blog/2019/01/23/alm-media-notice-of-data-breach-to-consumers/,Vermont,https://ago.vermont.gov/archived-security-breaches/,2019-01-23
Valley Hope Association ,https://ago.vermont.gov/blog/2019/01/23/valley-hope-association-notice-of-data-breach-to-consumers/,Vermont,https://ago.vermont.gov/archived-security-breaches/,2019-01-23
American Councils for International Education ,https://ago.vermont.gov/blog/2019/01/23/american-councils-for-international-education-notice-of-data-breach-to-consumers/,Vermont,https://ago.vermont.gov/archived-security-breaches/,2019-01-23
Vermont Agency of Human Services-DVHA-Maximus ,https://ago.vermont.gov/blog/2019/01/17/vermont-agency-of-human-services-dvha-maximus-notice-of-data-breach-to-consumers/,Vermont,https://ago.vermont.gov/archived-security-breaches/,2019-01-17
"Capital City Bank Group, Inc. ",https://ago.vermont.gov/blog/2019/01/17/capital-city-bank-group-inc-notice-of-data-breach-to-consumers/,Vermont,https://ago.vermont.gov/archived-security-breaches/,2019-01-17
"Agency of Human Services, DCF, OCS ",https://ago.vermont.gov/blog/2019/01/17/agency-of-human-services-dcf-ocs-notice-of-data-breach-to-consumers/,Vermont,https://ago.vermont.gov/archived-security-breaches/,2019-01-17
"Aetrex Worldwide, Inc. ",https://ago.vermont.gov/blog/2019/01/17/aetrex-worldwide-inc-notice-of-data-breach-to-consumers/,Vermont,https://ago.vermont.gov/archived-security-breaches/,2019-01-17
Reliant Rehabilitation ,https://ago.vermont.gov/blog/2019/01/16/reliant-rehabilitation-notice-of-data-breach-to-consumers/,Vermont,https://ago.vermont.gov/archived-security-breaches/,2019-01-16
International E-Z UP ,https://ago.vermont.gov/blog/2019/01/11/international-e-z-up-notice-of-data-breach-to-consumers/,Vermont,https://ago.vermont.gov/archived-security-breaches/,2019-01-11
A&A Global Imports ,https://ago.vermont.gov/blog/2019/01/09/aa-global-imports-notice-of-data-breach-to-consumers/,Vermont,https://ago.vermont.gov/archived-security-breaches/,2019-01-09
Vermont Agency of Human Services – VDH ,https://ago.vermont.gov/blog/2019/01/07/vermont-agency-of-human-services-vdh-notice-of-data-breach-to-consumers/,Vermont,https://ago.vermont.gov/archived-security-breaches/,2019-01-07
Welders Supply ,https://ago.vermont.gov/blog/2019/01/03/welders-supply-notice-of-data-breach-to-consumers/,Vermont,https://ago.vermont.gov/archived-security-breaches/,2019-01-03
Aimbridge Hospitality ,https://ago.vermont.gov/blog/2018/12/31/aimbridge-hospitality-notice-of-data-breach-to-consumers/,Vermont,https://ago.vermont.gov/archived-security-breaches/,2018-12-31
Wolverine Solutions Group S,https://ago.vermont.gov/blog/2018/12/28/wolverine-solutions-group-snotice-of-data-breach-to-consumers/,Vermont,https://ago.vermont.gov/archived-security-breaches/,2018-12-28
OXO ,https://ago.vermont.gov/blog/2018/12/28/oxo-notice-of-data-breach-to-consumers-2/,Vermont,https://ago.vermont.gov/archived-security-breaches/,2018-12-28
4A’s Benefits ,https://ago.vermont.gov/blog/2018/12/26/4as-benefits-notice-of-data-breach-to-consumers/,Vermont,https://ago.vermont.gov/archived-security-breaches/,2018-12-26
Bel USA ,https://ago.vermont.gov/blog/2018/12/26/bel-usa-notice-of-data-breach-to-consumers/,Vermont,https://ago.vermont.gov/archived-security-breaches/,2018-12-26
Benchmade Knife Company ,https://ago.vermont.gov/blog/2018/12/21/benchmade-knife-company-notice-of-data-breach-to-consumers/,Vermont,https://ago.vermont.gov/archived-security-breaches/,2018-12-21
Warby Parker – Jand Inc ,https://ago.vermont.gov/blog/2018/12/20/warby-parker-jand-inc-notice-of-data-breach-to-consumers/,Vermont,https://ago.vermont.gov/archived-security-breaches/,2018-12-20
Kestra Investment ,https://ago.vermont.gov/blog/2018/12/20/kestra-investment-notice-of-data-breach-to-consumers/,Vermont,https://ago.vermont.gov/archived-security-breaches/,2018-12-20
Caribou Coffee Company-Bruggers Enterprises ),https://ago.vermont.gov/blog/2018/12/20/caribou-coffee-company-bruggers-enterprises-notice-of-data-breach-to-consumers/,Vermont,https://ago.vermont.gov/archived-security-breaches/,2018-12-20
Discover ,https://ago.vermont.gov/blog/2018/12/19/discover-notice-of-data-breach-to-consumers/,Vermont,https://ago.vermont.gov/archived-security-breaches/,2018-12-19
Dr Ben Lynch LLC ,https://ago.vermont.gov/blog/2018/12/17/dr-ben-lynch-llc-notice-of-data-breach-to-consumers/,Vermont,https://ago.vermont.gov/archived-security-breaches/,2018-12-17
Infowarstore.com-Free Speech Systems ,https://ago.vermont.gov/blog/2018/12/14/infowarstore-com-free-speech-systems-sbn-to-consumers/,Vermont,https://ago.vermont.gov/archived-security-breaches/,2018-12-14
Exude Inc ,https://ago.vermont.gov/blog/2018/12/14/exude-inc-notice-of-data-breach-to-consumers/,Vermont,https://ago.vermont.gov/archived-security-breaches/,2018-12-14
Century Spring ,https://ago.vermont.gov/blog/2018/12/14/century-spring-notice-of-data-breach-to-consumers/,Vermont,https://ago.vermont.gov/archived-security-breaches/,2018-12-14
Infowarstore.com-Free Speech Systems ,https://ago.vermont.gov/blog/2018/12/14/infowarstore-com-free-speech-systems-notice-of-data-breach-to-consumers/,Vermont,https://ago.vermont.gov/archived-security-breaches/,2018-12-14
Okabena ,https://ago.vermont.gov/blog/2018/12/12/okabena-sbn-to-consumers/,Vermont,https://ago.vermont.gov/archived-security-breaches/,2018-12-12
Ronin Gallery ,https://ago.vermont.gov/blog/2018/12/12/ronin-gallery-notice-of-data-breach-to-consumers/,Vermont,https://ago.vermont.gov/archived-security-breaches/,2018-12-12
Frontier Wealth Management ,https://ago.vermont.gov/blog/2018/12/10/frontier-wealth-management-notice-of-data-breach-to-consumers/,Vermont,https://ago.vermont.gov/archived-security-breaches/,2018-12-10
East End Disability Associates ,https://ago.vermont.gov/blog/2018/12/10/east-end-disability-associates-notice-of-data-breach-to-consumers/,Vermont,https://ago.vermont.gov/archived-security-breaches/,2018-12-10
Robert Graham Designs ,https://ago.vermont.gov/blog/2018/12/07/robert-graham-designs-sbn-to-consumers/,Vermont,https://ago.vermont.gov/archived-security-breaches/,2018-12-07
Robert Graham Designs ,https://ago.vermont.gov/blog/2018/12/07/robert-graham-designs-notice-of-data-breach-to-consumers/,Vermont,https://ago.vermont.gov/archived-security-breaches/,2018-12-07
Synchrony ,https://ago.vermont.gov/blog/2018/12/04/synchrony-notice-of-data-breach-to-consumers/,Vermont,https://ago.vermont.gov/archived-security-breaches/,2018-12-04
Marriott International ,https://ago.vermont.gov/blog/2018/11/30/marriott-international-notice-of-data-breach-to-consumers/,Vermont,https://ago.vermont.gov/archived-security-breaches/,2018-11-30
"Rosenberg & Manente, PLLC ",https://ago.vermont.gov/blog/2018/11/30/rosenberg-manente-pllc-notice-of-data-breach-to-consumers/,Vermont,https://ago.vermont.gov/archived-security-breaches/,2018-11-30
Ontario Inc ,https://ago.vermont.gov/blog/2018/11/30/ontario-inc-notice-of-data-breach-to-consumers/,Vermont,https://ago.vermont.gov/archived-security-breaches/,2018-11-30
Altar’d State ,https://ago.vermont.gov/blog/2018/11/30/altard-state-notice-of-data-breach-to-consumers/,Vermont,https://ago.vermont.gov/archived-security-breaches/,2018-11-30
Equity Concepts LLC ,https://ago.vermont.gov/blog/2018/11/29/equity-concepts-llc-notice-of-data-breach-to-consumers/,Vermont,https://ago.vermont.gov/archived-security-breaches/,2018-11-29
Sothebys Home ,https://ago.vermont.gov/blog/2018/11/29/sothebys-home-notice-of-data-breach-to-consumers/,Vermont,https://ago.vermont.gov/archived-security-breaches/,2018-11-29
Dunkin Brands Inc ,https://ago.vermont.gov/blog/2018/11/28/dunkin-brands-inc-notice-of-data-breach-to-consumers/,Vermont,https://ago.vermont.gov/archived-security-breaches/,2018-11-28
SHG Planning ,https://ago.vermont.gov/blog/2018/11/28/shg-planning-notice-of-data-breach-to-consumers/,Vermont,https://ago.vermont.gov/archived-security-breaches/,2018-11-28
Atrium Health – AccuDoc Soultions ,https://ago.vermont.gov/blog/2018/11/27/atrium-health-accudoc-soultions-notice-of-data-breach-to-consumers/,Vermont,https://ago.vermont.gov/archived-security-breaches/,2018-11-27
British Airways ,https://ago.vermont.gov/blog/2018/11/21/british-airways-notice-of-data-breach-to-consumers/,Vermont,https://ago.vermont.gov/archived-security-breaches/,2018-11-21
Francescas Service Corp ,https://ago.vermont.gov/blog/2018/11/19/francescas-service-corp-notice-of-data-breach-to-consumers/,Vermont,https://ago.vermont.gov/archived-security-breaches/,2018-11-19
Chamberlain Goup ,https://ago.vermont.gov/blog/2018/11/18/chamberlain-goup-sbn-to-consumers/,Vermont,https://ago.vermont.gov/archived-security-breaches/,2018-11-18
Group Dynamic Inc. ,https://ago.vermont.gov/blog/2018/11/16/group-dynamic-inc-notice-of-data-breach-to-consumers-2/,Vermont,https://ago.vermont.gov/archived-security-breaches/,2018-11-16
New York Oncology Hematology ,https://ago.vermont.gov/blog/2018/11/16/new-york-oncology-hematology-notice-of-data-breach-to-consumers/,Vermont,https://ago.vermont.gov/archived-security-breaches/,2018-11-16
Newegg Inc ,https://ago.vermont.gov/blog/2018/11/15/newegg-inc-notice-of-data-breach-to-consumers/,Vermont,https://ago.vermont.gov/archived-security-breaches/,2018-11-15
Rainforest Alliance Holdings LLC ,https://ago.vermont.gov/blog/2018/11/15/rainforest-alliance-holdings-llc-notice-of-data-breach-to-consumers/,Vermont,https://ago.vermont.gov/archived-security-breaches/,2018-11-15
Stein Mart ,https://ago.vermont.gov/blog/2018/11/15/stein-mart-sbn-to-consumers/,Vermont,https://ago.vermont.gov/archived-security-breaches/,2018-11-15
StataCorp ,https://ago.vermont.gov/blog/2018/11/13/statacorp-notice-of-data-breach-to-consumers/,Vermont,https://ago.vermont.gov/archived-security-breaches/,2018-11-13
Jennifer Miller Ltd ,https://ago.vermont.gov/blog/2018/11/12/jennifer-miller-ltd-notice-of-data-breach-to-consumers/,Vermont,https://ago.vermont.gov/archived-security-breaches/,2018-11-12
McKenna Sachs ,https://ago.vermont.gov/blog/2018/11/12/mckenna-sachs-notice-of-data-breach-to-consumers/,Vermont,https://ago.vermont.gov/archived-security-breaches/,2018-11-12
Simeon S. Patestas CPA ,https://ago.vermont.gov/blog/2018/11/09/simeon-s-patestas-cpa-notice-of-data-breach-to-consumers/,Vermont,https://ago.vermont.gov/archived-security-breaches/,2018-11-09
Royal Caribbean Ltd ,https://ago.vermont.gov/blog/2018/11/09/royal-caribbean-ltd-notice-of-data-breach-to-consumers/,Vermont,https://ago.vermont.gov/archived-security-breaches/,2018-11-09
Professional Publications Inc ,https://ago.vermont.gov/blog/2018/11/07/professional-publications-inc-notice-of-data-breach-to-consumers-2/,Vermont,https://ago.vermont.gov/archived-security-breaches/,2018-11-07
Nordstrom ,https://ago.vermont.gov/blog/2018/11/05/nordstrom-notice-of-data-breach-to-consumers/,Vermont,https://ago.vermont.gov/archived-security-breaches/,2018-11-05
ImpactAssets ,https://ago.vermont.gov/blog/2018/11/02/impactassets-notice-of-data-breach-to-consumers/,Vermont,https://ago.vermont.gov/archived-security-breaches/,2018-11-02
Inova Health System ,https://ago.vermont.gov/blog/2018/11/02/inova-health-system-notice-of-data-breach-to-consumers/,Vermont,https://ago.vermont.gov/archived-security-breaches/,2018-11-02
Hemenway ,https://ago.vermont.gov/blog/2018/11/02/hemenway-notice-of-data-breach-to-consumers/,Vermont,https://ago.vermont.gov/archived-security-breaches/,2018-11-02
Five Guys Holdings Inc ,https://ago.vermont.gov/blog/2018/11/02/five-guys-holdings-inc-notice-of-data-breach-to-consumers/,Vermont,https://ago.vermont.gov/archived-security-breaches/,2018-11-02
El Paso-Los Angeles Limousine Express ,https://ago.vermont.gov/blog/2018/11/02/el-paso-los-angeles-limousine-express-notice-of-data-breach-to-consumers/,Vermont,https://ago.vermont.gov/archived-security-breaches/,2018-11-02
OXO ,https://ago.vermont.gov/blog/2018/11/01/oxo-notice-of-data-breach-to-consumers/,Vermont,https://ago.vermont.gov/archived-security-breaches/,2018-11-01
2018-10-25 Discover ,https://ago.vermont.gov/blog/2018/10/25/2018-10-25-discover-sbn-to-consumers/,Vermont,https://ago.vermont.gov/archived-security-breaches/,2018-10-25
Net32 Inc ,https://ago.vermont.gov/blog/2018/10/25/net32-inc-sbn-to-consumers/,Vermont,https://ago.vermont.gov/archived-security-breaches/,2018-10-25
STL International Inc – Teeter ,https://ago.vermont.gov/blog/2018/10/25/stl-international-inc-teeter-sbn-to-consumers/,Vermont,https://ago.vermont.gov/archived-security-breaches/,2018-10-25
Strategic Risk Solutions ,https://ago.vermont.gov/blog/2018/10/22/strategic-risk-solutions-notice-of-data-breach-to-consumers/,Vermont,https://ago.vermont.gov/archived-security-breaches/,2018-10-22
"Challenger Sports, Inc. ",https://ago.vermont.gov/blog/2018/10/22/challenger-sports-inc-notice-of-data-breach-to-consumers/,Vermont,https://ago.vermont.gov/archived-security-breaches/,2018-10-22
"Gale & McAllister, PLLC ",https://ago.vermont.gov/blog/2018/10/19/gale-mcallister-pllc-notice-of-data-breach-to-consumers/,Vermont,https://ago.vermont.gov/archived-security-breaches/,2018-10-19
Tallahassee Memorial Healthcare ,https://ago.vermont.gov/blog/2018/10/17/tallahassee-memorial-healthcare-notice-of-data-breach-to-consumers/,Vermont,https://ago.vermont.gov/archived-security-breaches/,2018-10-17
Envision Healthcare Corporation ,https://ago.vermont.gov/blog/2018/10/10/envision-healthcare-corporation-sbn-to-consumers/,Vermont,https://ago.vermont.gov/archived-security-breaches/,2018-10-10
Alaskans for Dan Sullivan ,https://ago.vermont.gov/blog/2018/10/10/alaskans-for-dan-sullivan-notice-of-data-breach-to-consumers/,Vermont,https://ago.vermont.gov/archived-security-breaches/,2018-10-10
Dragas Mortgage Co ,https://ago.vermont.gov/blog/2018/10/09/dragas-mortgage-co-notice-of-data-breach-to-consumers/,Vermont,https://ago.vermont.gov/archived-security-breaches/,2018-10-09
"Roadrunner Transporation System, Inc ",https://ago.vermont.gov/blog/2018/10/09/roadrunner-transporation-system-inc-notice-of-data-breach-to-consumers/,Vermont,https://ago.vermont.gov/archived-security-breaches/,2018-10-09
Five Below Inc. ,https://ago.vermont.gov/blog/2018/10/05/five-below-inc-notice-of-data-breach-to-consumers/,Vermont,https://ago.vermont.gov/archived-security-breaches/,2018-10-05
California State University East Bay ,https://ago.vermont.gov/blog/2018/10/05/california-state-university-east-bay-notice-of-data-breach-to-consumers/,Vermont,https://ago.vermont.gov/archived-security-breaches/,2018-10-05
,https://ago.vermont.gov/blog/2018/10/05/notice-of-data-breach-to-consumers/,Vermont,https://ago.vermont.gov/archived-security-breaches/,2018-10-05
Professional Publications Inc ,https://ago.vermont.gov/blog/2018/10/04/professional-publications-inc-notice-of-data-breach-to-consumers/,Vermont,https://ago.vermont.gov/archived-security-breaches/,2018-10-04
Plant Therapy SBN Notice of Data Security Incident to Consumers,https://ago.vermont.gov/blog/2018/09/30/plant-therapy-sbn-notice-of-data-security-incident-to-consumers/,Vermont,https://ago.vermont.gov/archived-security-breaches/,2018-09-30
McKenna & Sachs LLC SBN to Consumer ,https://ago.vermont.gov/blog/2018/09/28/mckenna-sachs-llc-sbn-to-consumer-notice-of-data-breach-to-consumers/,Vermont,https://ago.vermont.gov/archived-security-breaches/,2018-09-28
Aflac ,https://ago.vermont.gov/blog/2018/09/28/aflac-notice-of-data-breach-to-consumers/,Vermont,https://ago.vermont.gov/archived-security-breaches/,2018-09-28
2018-09-20 Plant Therapy Notice of Data Security Incident to Consumers,https://ago.vermont.gov/blog/2018/09/20/2018-09-20-plant-therapy-notice-of-data-security-incident-to-consumers/,Vermont,https://ago.vermont.gov/archived-security-breaches/,2018-09-20
2018-09-20 YRC Worldwide Inc. ,https://ago.vermont.gov/blog/2018/09/20/2018-09-20-yrc-worldwide-inc-notice-of-data-breach-to-consumers/,Vermont,https://ago.vermont.gov/archived-security-breaches/,2018-09-20
Garretson Resolution Group Inc Email Phishing Incident Notice to Consumers,https://ago.vermont.gov/blog/2018/09/19/garretson-resolution-group-inc-email-phishing-incident-notice-to-consumers/,Vermont,https://ago.vermont.gov/archived-security-breaches/,2018-09-19
2018-09-19 The Affiliated Group ,https://ago.vermont.gov/blog/2018/09/19/2018-09-19-the-affiliated-group-notice-of-data-breach-to-consumers/,Vermont,https://ago.vermont.gov/archived-security-breaches/,2018-09-19
"2018-09-18 Peaceful Valley Farm Supply, Inc ",https://ago.vermont.gov/blog/2018/09/18/2018-09-18-peaceful-valley-farm-supply-inc-notice-of-data-breach-to-consumers/,Vermont,https://ago.vermont.gov/archived-security-breaches/,2018-09-18
Discover ,https://ago.vermont.gov/blog/2018/09/17/discover-notice-of-data-breach-to-consumers-2/,Vermont,https://ago.vermont.gov/archived-security-breaches/,2018-09-17
"2018-09-14 Kyocera Documents Solutions New England, Inc ",https://ago.vermont.gov/blog/2018/09/14/2018-09-14-kyocera-documents-solutions-new-england-inc-notice-of-data-breach-to-consumers/,Vermont,https://ago.vermont.gov/archived-security-breaches/,2018-09-14
2018-09-14 Stein Mart Inc. ,https://ago.vermont.gov/blog/2018/09/14/2018-09-14-stein-mart-inc-notice-of-data-breach-to-consumers/,Vermont,https://ago.vermont.gov/archived-security-breaches/,2018-09-14
2018-09-14 Title Nine ,https://ago.vermont.gov/blog/2018/09/14/2018-09-14-title-nine-notice-of-data-breach-to-consumers/,Vermont,https://ago.vermont.gov/archived-security-breaches/,2018-09-14
2018-09-13 Tauck ,https://ago.vermont.gov/blog/2018/09/13/2018-09-13-tauck-notice-of-data-breach-to-consumers/,Vermont,https://ago.vermont.gov/archived-security-breaches/,2018-09-13
Richard Owen Nursery Inc ,https://ago.vermont.gov/blog/2018/09/12/richard-owen-nursery-inc-notice-of-data-breach-to-consumers/,Vermont,https://ago.vermont.gov/archived-security-breaches/,2018-09-12
Lillebaby ,https://ago.vermont.gov/blog/2018/09/12/lillebaby-notice-of-data-breach-to-consumers/,Vermont,https://ago.vermont.gov/archived-security-breaches/,2018-09-12
"2018-09-12 Nardella & Taylor, LLP ",https://ago.vermont.gov/blog/2018/09/12/2018-09-12-nardella-taylor-llp-notice-of-data-breach-to-consumers/,Vermont,https://ago.vermont.gov/archived-security-breaches/,2018-09-12
David G Simon DMD Security Breach Notice to Consumers,https://ago.vermont.gov/blog/2018/09/03/david-g-simon-dmd-security-breach-notice-to-consumers/,Vermont,https://ago.vermont.gov/archived-security-breaches/,2018-09-03
North American Risk Services Inc ,https://ago.vermont.gov/blog/2018/08/31/north-american-risk-services-inc-notice-of-data-breach-to-consumers/,Vermont,https://ago.vermont.gov/archived-security-breaches/,2018-08-31
Movement Mortgage LLC ,https://ago.vermont.gov/blog/2018/08/31/movement-mortgage-llc-notice-of-data-breach-to-consumers/,Vermont,https://ago.vermont.gov/archived-security-breaches/,2018-08-31
Augusta University Data Secuirty Incident Notice to Consumers,https://ago.vermont.gov/blog/2018/08/29/augusta-university-data-secuirty-incident-notice-to-consumers/,Vermont,https://ago.vermont.gov/archived-security-breaches/,2018-08-29
Williams Sonoma Inc Notice of Security Breach to Consumers,https://ago.vermont.gov/blog/2018/08/28/williams-sonoma-inc-notice-of-security-breach-to-consumers/,Vermont,https://ago.vermont.gov/archived-security-breaches/,2018-08-28
2018-08-23 REEB Millwork Corporation ,https://ago.vermont.gov/blog/2018/08/23/2018-08-23-reeb-millwork-corporation-notice-of-data-breach-to-consumers/,Vermont,https://ago.vermont.gov/archived-security-breaches/,2018-08-23
2018-08-22 Cheddar’s Scratch Kitchen ,https://ago.vermont.gov/blog/2018/08/22/2018-08-22-cheddars-scratch-kitchen-notice-of-data-breach-to-consumers/,Vermont,https://ago.vermont.gov/archived-security-breaches/,2018-08-22
Munro ,https://ago.vermont.gov/blog/2018/08/21/munro-sbn-to-consumers/,Vermont,https://ago.vermont.gov/archived-security-breaches/,2018-08-21
CNG Financial Corporation Inc ,https://ago.vermont.gov/blog/2018/08/20/cng-financial-corporation-inc-notice-of-data-breach-to-consumers/,Vermont,https://ago.vermont.gov/archived-security-breaches/,2018-08-20
Whitmer Company CPAs LLP ,https://ago.vermont.gov/blog/2018/08/20/whitmer-company-cpas-llp-notice-of-data-breach-to-consumers/,Vermont,https://ago.vermont.gov/archived-security-breaches/,2018-08-20
Cain Watters Associates Data Security Incident Notice to Consumers,https://ago.vermont.gov/blog/2018/08/20/cain-watters-associates-data-security-incident-notice-to-consumers/,Vermont,https://ago.vermont.gov/archived-security-breaches/,2018-08-20
2018-08-17 Dallas County Community College District ,https://ago.vermont.gov/blog/2018/08/17/2018-08-17-dallas-county-community-college-district-notice-of-data-breach-to-consumers/,Vermont,https://ago.vermont.gov/archived-security-breaches/,2018-08-17
2018-08-15 Discover ,https://ago.vermont.gov/blog/2018/08/15/2018-08-15-discover-notice-of-data-breach-to-consumers/,Vermont,https://ago.vermont.gov/archived-security-breaches/,2018-08-15
TCM Bank N A Data Security Incident Notice to Consumers,https://ago.vermont.gov/blog/2018/08/07/tcm-bank-n-a-data-security-incident-notice-to-consumers/,Vermont,https://ago.vermont.gov/archived-security-breaches/,2018-08-07
North American Power Security Incident Notice to Consumers,https://ago.vermont.gov/blog/2018/08/03/north-american-power-notice-of-data-security-incident/,Vermont,https://ago.vermont.gov/archived-security-breaches/,2018-08-03
"Our Honeymoon Wishes, Inc. Security Incident Notice to Consumers",https://ago.vermont.gov/blog/2018/08/03/our-honeymoon-wishes-inc-security-incident-notice-to-consumers/,Vermont,https://ago.vermont.gov/archived-security-breaches/,2018-08-03
Yoakum National Bank Security Incident Notice to Consumers,https://ago.vermont.gov/blog/2018/08/02/yoakum-national-bank-security-incident-notice-to-consumers/,Vermont,https://ago.vermont.gov/archived-security-breaches/,2018-08-02
Department of Vermont Health Access Security Incident Notice to Consumers,https://ago.vermont.gov/blog/2018/07/31/department-of-vermont-health-access-security-incident-notice-to-consumers/,Vermont,https://ago.vermont.gov/archived-security-breaches/,2018-07-31
LifeBridge Health Data Breach Notice to Consumers,https://ago.vermont.gov/blog/2018/07/30/lifebridge-health-data-breach-notice-to-consumers/,Vermont,https://ago.vermont.gov/archived-security-breaches/,2018-07-30
Loyola University Chicago Notice of Unauthorized Access to Confidential Information,https://ago.vermont.gov/blog/2018/07/30/loyola-university-chicago-notice-of-unauthorized-access-to-confidential-information/,Vermont,https://ago.vermont.gov/archived-security-breaches/,2018-07-30
TradeMotion LLC ,https://ago.vermont.gov/blog/2018/07/30/trademotion-llc-notice-of-data-breach-to-consumers/,Vermont,https://ago.vermont.gov/archived-security-breaches/,2018-07-30
Sunspire Health ,https://ago.vermont.gov/blog/2018/07/27/sunspire-health-notice-of-data-breach-to-consumers/,Vermont,https://ago.vermont.gov/archived-security-breaches/,2018-07-27
Yale University Data Security Incident Notice to Consumers,https://ago.vermont.gov/blog/2018/07/27/yale-university-data-security-incident-notice-to-consumers/,Vermont,https://ago.vermont.gov/archived-security-breaches/,2018-07-27
Optoma Technologies Security Incident Notice to Consumers,https://ago.vermont.gov/blog/2018/07/26/optoma-technologies-secuirty-incident-notice-to-consumers/,Vermont,https://ago.vermont.gov/archived-security-breaches/,2018-07-26
Southern College of Optometry Security Breach Notice to Consumers,https://ago.vermont.gov/blog/2018/07/25/southern-college-of-optometry-security-breach-notice-to-consumers/,Vermont,https://ago.vermont.gov/archived-security-breaches/,2018-07-25
Clark University Security Incident Notice to Consumers,https://ago.vermont.gov/blog/2018/07/20/clark-university-security-incident-notice-to-consumers/,Vermont,https://ago.vermont.gov/archived-security-breaches/,2018-07-20
Spinnaker Trust Security Incident Notice to Consumers,https://ago.vermont.gov/blog/2018/07/20/spinnaker-trust-security-incident-notice-to-consumers/,Vermont,https://ago.vermont.gov/archived-security-breaches/,2018-07-20
NorthStar Anesthesia Data Privacy Notice to Consumers,https://ago.vermont.gov/blog/2018/07/20/northstar-anesthesia-data-privacy-notice-to-consumers/,Vermont,https://ago.vermont.gov/archived-security-breaches/,2018-07-20
Helly Hansen ,https://ago.vermont.gov/blog/2018/07/19/helly-hansen-notice-of-data-breach-to-consumers/,Vermont,https://ago.vermont.gov/archived-security-breaches/,2018-07-19
CBIZ MHM LLC Security Incident Notice to Consumers,https://ago.vermont.gov/blog/2018/07/18/cbiz-mhm-llc-security-incident-notice-to-consumers/,Vermont,https://ago.vermont.gov/archived-security-breaches/,2018-07-18
Blue Spring Family Care PC Security Incident Notice to Consumers,https://ago.vermont.gov/blog/2018/07/18/blue-spring-family-care-pc-security-incident-notice-to-consumers/,Vermont,https://ago.vermont.gov/archived-security-breaches/,2018-07-18
McDonald Hopkins PLC Security Incident Notice to Consumers,https://ago.vermont.gov/blog/2018/07/18/mcdonald-hopkins-plc-security-incident-notice-to-consumers/,Vermont,https://ago.vermont.gov/archived-security-breaches/,2018-07-18
2018-07-17 Discover ,https://ago.vermont.gov/blog/2018/07/17/2018-07-17-discover-notice-of-data-breach-to-consumers/,Vermont,https://ago.vermont.gov/archived-security-breaches/,2018-07-17
Pinnacle Trailer Sales Inc Security Incident Notice to Consumers,https://ago.vermont.gov/blog/2018/07/16/pinnacle-trailer-sales-inc-security-incident-notice-to-consumers/,Vermont,https://ago.vermont.gov/archived-security-breaches/,2018-07-16
City of Bozeman Montana Security Incident Notice to Consumers,https://ago.vermont.gov/blog/2018/07/16/city-of-bozeman-montana-security-incident-notice-to-consumers/,Vermont,https://ago.vermont.gov/archived-security-breaches/,2018-07-16
Automated Pet Care Products Inc Notice of Data Security Incident to Consumers,https://ago.vermont.gov/blog/2018/07/13/automated-pet-care-products-inc-notice-of-data-security-incident-to-consumers/,Vermont,https://ago.vermont.gov/archived-security-breaches/,2018-07-13
Howard Center ,https://ago.vermont.gov/blog/2018/07/13/howard-center-notice-of-data-breach-to-consumers/,Vermont,https://ago.vermont.gov/archived-security-breaches/,2018-07-13
Toms Shoes ,https://ago.vermont.gov/blog/2018/07/13/toms-shoes-notice-of-data-breach-to-consumers/,Vermont,https://ago.vermont.gov/archived-security-breaches/,2018-07-13
Tommie Copper Inc ,https://ago.vermont.gov/blog/2018/07/11/tommie-copper-inc-notice-of-data-breach-to-consumers/,Vermont,https://ago.vermont.gov/archived-security-breaches/,2018-07-11
The Fruitful Yield Inc Notice of Security Incident to Consumers,https://ago.vermont.gov/blog/2018/07/11/the-fruitful-yield-inc-notice-of-security-incident-to-consumers/,Vermont,https://ago.vermont.gov/archived-security-breaches/,2018-07-11
Toyo Tire Holdings of Americas Inc ,https://ago.vermont.gov/blog/2018/07/09/toyo-tire-holdings-of-americas-inc-notice-of-data-breach-to-consumers/,Vermont,https://ago.vermont.gov/archived-security-breaches/,2018-07-09
Terteling Company Inc ,https://ago.vermont.gov/blog/2018/07/09/terteling-company-inc-notice-of-data-breach-to-consumers/,Vermont,https://ago.vermont.gov/archived-security-breaches/,2018-07-09
Paquin ,https://ago.vermont.gov/blog/2018/07/06/paquin-notice-of-data-breach-to-consumers/,Vermont,https://ago.vermont.gov/archived-security-breaches/,2018-07-06
International Mission Board ,https://ago.vermont.gov/blog/2018/07/06/international-mission-board-notice-of-data-breach-to-consumers/,Vermont,https://ago.vermont.gov/archived-security-breaches/,2018-07-06
Career Technology Education Centers of Licking County ,https://ago.vermont.gov/blog/2018/07/05/career-technology-education-centers-of-licking-county-notice-of-data-breach-to-consumers/,Vermont,https://ago.vermont.gov/archived-security-breaches/,2018-07-05
MSK Group PC Notice of Security Incident to Consumers,https://ago.vermont.gov/blog/2018/07/05/msk-group-pc-notice-of-security-incident-to-consumers/,Vermont,https://ago.vermont.gov/archived-security-breaches/,2018-07-05
The Information and Referral Federation of Los Angeles County Inc ,https://ago.vermont.gov/blog/2018/07/05/the-information-and-referral-federation-of-los-angeles-county-inc-notice-of-data-breach-to-consumers/,Vermont,https://ago.vermont.gov/archived-security-breaches/,2018-07-05
Village of Wellington Notice of Security Incident to Consumers,https://ago.vermont.gov/blog/2018/07/05/village-of-wellington-notice-of-security-incident-to-consumers/,Vermont,https://ago.vermont.gov/archived-security-breaches/,2018-07-05
Macy’s ,https://ago.vermont.gov/blog/2018/07/02/macys-notice-of-data-breach-to-consumers/,Vermont,https://ago.vermont.gov/archived-security-breaches/,2018-07-02
Jefferies LLC Notice of Security Incident to Consumers,https://ago.vermont.gov/blog/2018/07/02/jefferies-llc-notice-of-security-incident-to-consumers/,Vermont,https://ago.vermont.gov/archived-security-breaches/,2018-07-02
TCI ,https://ago.vermont.gov/blog/2018/06/29/tci-notice-of-data-breach-to-consumers/,Vermont,https://ago.vermont.gov/archived-security-breaches/,2018-06-29
North Colonie Central School District Notice of Security Incident to Consumers,https://ago.vermont.gov/blog/2018/06/27/north-colonie-central-school-district-notice-of-security-incident-to-consumers/,Vermont,https://ago.vermont.gov/archived-security-breaches/,2018-06-27
GreatBanc Trust Company ,https://ago.vermont.gov/blog/2018/06/25/greatbanc-trust-company-notice-of-data-breach-to-consumers/,Vermont,https://ago.vermont.gov/archived-security-breaches/,2018-06-25
Penn Mutual Notice to Consumers,https://ago.vermont.gov/blog/2018/06/25/penn-mutual-notice-to-consumers/,Vermont,https://ago.vermont.gov/archived-security-breaches/,2018-06-25
Capital Integration Systems LLC Notice of Email Phishing,https://ago.vermont.gov/blog/2018/06/25/capital-integration-systems-llc-notice-of-email-phishing/,Vermont,https://ago.vermont.gov/archived-security-breaches/,2018-06-25
ERFC Data Security Incident to Consumers,https://ago.vermont.gov/blog/2018/06/25/erfc-data-security-incident-to-consumers/,Vermont,https://ago.vermont.gov/archived-security-breaches/,2018-06-25
Manchester Capital Management LLC Data Breach Notice to Consumers,https://ago.vermont.gov/blog/2018/06/21/manchester-capital-management-llc-data-breach-notice-to-consumers/,Vermont,https://ago.vermont.gov/archived-security-breaches/,2018-06-21
Discover Notice of Security Breach to Consumers,https://ago.vermont.gov/blog/2018/06/20/discover-notice-of-security-breach-06-20-2018/,Vermont,https://ago.vermont.gov/archived-security-breaches/,2018-06-20
REvUp Notice of Security Incident to Consumers,https://ago.vermont.gov/blog/2018/06/20/revup-notice-of-security-incident-to-consumers/,Vermont,https://ago.vermont.gov/archived-security-breaches/,2018-06-20
City of Goodyear ,https://ago.vermont.gov/blog/2018/06/18/city-of-goodyear-notice-of-data-breach-to-consumers/,Vermont,https://ago.vermont.gov/archived-security-breaches/,2018-06-18
OFD Foods LLC ,https://ago.vermont.gov/blog/2018/06/18/ofd-foods-llc-notice-of-data-breach-to-consumers-2/,Vermont,https://ago.vermont.gov/archived-security-breaches/,2018-06-18
HealthEquity Inc ,https://ago.vermont.gov/blog/2018/06/13/healthequity-inc-notice-of-data-breach-to-consumers/,Vermont,https://ago.vermont.gov/archived-security-breaches/,2018-06-13
Ithaca College Notice of Security Incident to Consumers,https://ago.vermont.gov/blog/2018/06/13/ithaca-college-notice-of-security-incident-to-consumers/,Vermont,https://ago.vermont.gov/archived-security-breaches/,2018-06-13
OFD Foods LLC ,https://ago.vermont.gov/blog/2018/06/13/ofd-foods-llc-notice-of-data-breach-to-consumers/,Vermont,https://ago.vermont.gov/archived-security-breaches/,2018-06-13
Highgate Hotels LP Information Incident Notice to Consumers,https://ago.vermont.gov/blog/2018/06/11/highgate-hotels-lp-information-incident-notice-to-consumers/,Vermont,https://ago.vermont.gov/archived-security-breaches/,2018-06-11
Corporation Service Company Notice of Data Breach,https://ago.vermont.gov/blog/2018/06/11/corporation-service-company-notice-of-data-breach/,Vermont,https://ago.vermont.gov/archived-security-breaches/,2018-06-11
Weichert Co Data Security Incident Letter to Consumers,https://ago.vermont.gov/blog/2018/06/11/weichert-co-data-security-incident-letter-to-consumers/,Vermont,https://ago.vermont.gov/archived-security-breaches/,2018-06-11
Wilkins Reinicke Co PC ,https://ago.vermont.gov/blog/2018/06/08/wilkins-reinicke-co-pc-notice-of-data-breach-to-consumers/,Vermont,https://ago.vermont.gov/archived-security-breaches/,2018-06-08
Elmcroft Senior Living Inc Notice of Data Breach,https://ago.vermont.gov/blog/2018/06/08/elmcroft-senior-living-inc-notice-of-data-breach/,Vermont,https://ago.vermont.gov/archived-security-breaches/,2018-06-08
Total Phase Inc Security Incident Notice to Consumers,https://ago.vermont.gov/blog/2018/06/08/total-phase-inc-security-incident-notice-to-consumers/,Vermont,https://ago.vermont.gov/archived-security-breaches/,2018-06-08
Lutz Carr CPAs LLP Informational Notice to Consumers,https://ago.vermont.gov/blog/2018/06/07/lutz-carr-cpas-llp-informational-notice-to-consumers/,Vermont,https://ago.vermont.gov/archived-security-breaches/,2018-06-07
Systeme Software Inc ,https://ago.vermont.gov/blog/2018/06/07/systeme-software-inc-notice-of-data-breach-to-consumers/,Vermont,https://ago.vermont.gov/archived-security-breaches/,2018-06-07
Evolution Hospitality LLC ,https://ago.vermont.gov/blog/2018/06/07/evolution-hospitality-llc-notice-of-data-breach-to-consumers/,Vermont,https://ago.vermont.gov/archived-security-breaches/,2018-06-07
Weil Akman Baylin Coleman PA Data Incident Notice to Consumers,https://ago.vermont.gov/blog/2018/06/07/weil-akman-baylin-coleman-pa-data-incident-notice-to-consumers/,Vermont,https://ago.vermont.gov/archived-security-breaches/,2018-06-07
Blue Cross and Blue Shield of Illinois ,https://ago.vermont.gov/blog/2018/06/06/blue-cross-and-blue-shield-of-illinois-notice-of-data-breach-to-consumers/,Vermont,https://ago.vermont.gov/archived-security-breaches/,2018-06-06
St. Mary’s Health Inc Security Notification Letter to Consumers,https://ago.vermont.gov/blog/2018/06/05/st-marys-health-inc-security-notification-letter-to-consumers/,Vermont,https://ago.vermont.gov/archived-security-breaches/,2018-06-05
Walgreen Co Fraudulent Alert Notice to Consumers,https://ago.vermont.gov/blog/2018/06/05/walgreen-co-fraudulent-alert-notice-to-consumers/,Vermont,https://ago.vermont.gov/archived-security-breaches/,2018-06-05
Stein Eriksen Lodge Hotel Data Incident Notice to Consumers,https://ago.vermont.gov/blog/2018/06/01/stein-eriksen-lodge-hotel-data-incident-notice-to-consumers/,Vermont,https://ago.vermont.gov/archived-security-breaches/,2018-06-01
Temecula Motorsports Inc ,https://ago.vermont.gov/blog/2018/05/31/temecula-motorsports-inc-notice-of-data-breach-to-consumers/,Vermont,https://ago.vermont.gov/archived-security-breaches/,2018-05-31
Rail Europe SAS ,https://ago.vermont.gov/blog/2018/05/30/rail-europe-sas-notice-of-data-breach-to-consumers/,Vermont,https://ago.vermont.gov/archived-security-breaches/,2018-05-30
PrintingCenterUSA.com Information Disclosure to Consumers,https://ago.vermont.gov/blog/2018/05/29/printingcenterusa-com-information-disclosure-to-consumers/,Vermont,https://ago.vermont.gov/archived-security-breaches/,2018-05-29
Pendleton Square Trust Company Notice to Consumers,https://ago.vermont.gov/blog/2018/05/25/pendleton-square-trust-company-notice-to-consumers/,Vermont,https://ago.vermont.gov/archived-security-breaches/,2018-05-25
Luxury Retreats Data Incident Notice to Consumers,https://ago.vermont.gov/blog/2018/05/24/luxury-retreats-data-incident-notice-to-consumers/,Vermont,https://ago.vermont.gov/archived-security-breaches/,2018-05-24
National Railraod Passenger Corporation ,https://ago.vermont.gov/blog/2018/05/23/national-railraod-passenger-corporation-notice-of-data-breach-to-consumers/,Vermont,https://ago.vermont.gov/archived-security-breaches/,2018-05-23
Coca-Cola Company ,https://ago.vermont.gov/blog/2018/05/23/coca-cola-company-notice-of-data-breach-to-consumers/,Vermont,https://ago.vermont.gov/archived-security-breaches/,2018-05-23
Uno Alla Volta LLC Security Breach Notification to Consumers,https://ago.vermont.gov/blog/2018/05/22/uno-alla-volta-llc-security-breach-notification-to-consumers/,Vermont,https://ago.vermont.gov/archived-security-breaches/,2018-05-22
Bombas LLC Notice of Data Breach To Consumers,https://ago.vermont.gov/blog/2018/05/22/bombas-llc-notice-of-data-breach-to-consumers/,Vermont,https://ago.vermont.gov/archived-security-breaches/,2018-05-22
Humana ,https://ago.vermont.gov/blog/2018/05/21/humana-notice-of-data-breach-to-consumers/,Vermont,https://ago.vermont.gov/archived-security-breaches/,2018-05-21
Brinker International Data Incident Notice to Consumers,https://ago.vermont.gov/blog/2018/05/18/brinker-international-data-incident-notice-to-consumers/,Vermont,https://ago.vermont.gov/archived-security-breaches/,2018-05-18
2018-05-17 Corporation Service Company Notice of Data Breach,https://ago.vermont.gov/blog/2018/05/17/2018-05-17-corporation-service-company-notice-of-data-breach/,Vermont,https://ago.vermont.gov/archived-security-breaches/,2018-05-17
Discover ,https://ago.vermont.gov/blog/2018/05/16/discover-notice-of-data-breach-to-consumers-3/,Vermont,https://ago.vermont.gov/archived-security-breaches/,2018-05-16
Cable Hill ,https://ago.vermont.gov/blog/2018/05/16/cable-hill-notice-of-data-breach-to-consumers/,Vermont,https://ago.vermont.gov/archived-security-breaches/,2018-05-16
Taskrabbit ,https://ago.vermont.gov/blog/2018/05/09/taskrabbit-notice-of-data-breach-to-consumers/,Vermont,https://ago.vermont.gov/archived-security-breaches/,2018-05-09
SP Industries Inc ,https://ago.vermont.gov/blog/2018/05/08/sp-industries-inc-notice-of-data-breach-to-consumers/,Vermont,https://ago.vermont.gov/archived-security-breaches/,2018-05-08
Global University ,https://ago.vermont.gov/blog/2018/05/08/global-university-notice-of-data-breach-to-consumers/,Vermont,https://ago.vermont.gov/archived-security-breaches/,2018-05-08
USACS Management Group Ltd Data Breach Notice to Consumers,https://ago.vermont.gov/blog/2018/05/08/usacs-management-group-ltd-data-breach-notice-to-consumers/,Vermont,https://ago.vermont.gov/archived-security-breaches/,2018-05-08
Amtrak ,https://ago.vermont.gov/blog/2018/05/04/amtrak-notice-of-data-breach-to-consumers/,Vermont,https://ago.vermont.gov/archived-security-breaches/,2018-05-04
Alaska Airlines ,https://ago.vermont.gov/blog/2018/05/04/alaska-airlines-notice-of-data-breach-to-consumers/,Vermont,https://ago.vermont.gov/archived-security-breaches/,2018-05-04
Orbitz ,https://ago.vermont.gov/blog/2018/05/03/orbitz-notice-of-data-breach-to-consumers-2/,Vermont,https://ago.vermont.gov/archived-security-breaches/,2018-05-03
National Restaurant Association ,https://ago.vermont.gov/blog/2018/04/30/national-restaurant-association-notice-of-data-breach-to-consumers/,Vermont,https://ago.vermont.gov/archived-security-breaches/,2018-04-30
Rutland Regional Medical Center Data Privacy Incident Notice to Consumers,https://ago.vermont.gov/blog/2018/04/27/rutland-regional-medical-center-data-privacy-incident-notice-to-consumers/,Vermont,https://ago.vermont.gov/archived-security-breaches/,2018-04-27
MedWatch LLC Privacy Notice to Consumers,https://ago.vermont.gov/blog/2018/04/27/medwatch-llc-privacy-notice-to-consumers/,Vermont,https://ago.vermont.gov/archived-security-breaches/,2018-04-27
CPT Group Inc Security Incident,https://ago.vermont.gov/blog/2018/04/27/cpt-group-inc-security-incident/,Vermont,https://ago.vermont.gov/archived-security-breaches/,2018-04-27
Cetera Advisors LLC Notice to Consumers,https://ago.vermont.gov/blog/2018/04/26/cetera-advisors-llc-notice-to-consumers/,Vermont,https://ago.vermont.gov/archived-security-breaches/,2018-04-26
Carolina Digestive Health Associates Data Security Incident,https://ago.vermont.gov/blog/2018/04/26/carolina-digestive-health-associates-data-security-incident/,Vermont,https://ago.vermont.gov/archived-security-breaches/,2018-04-26
Intuit Inc Turbo Tax Security Review to Consumers,https://ago.vermont.gov/blog/2018/04/26/intuit-inc-turbo-tax-security-review-to-consumers/,Vermont,https://ago.vermont.gov/archived-security-breaches/,2018-04-26
Sears Holdings vendor security incident notice to consumers,https://ago.vermont.gov/blog/2018/04/25/sears-holdings-vendor-security-incident-notice-to-consumers/,Vermont,https://ago.vermont.gov/archived-security-breaches/,2018-04-25
Atrium Hospitality ,https://ago.vermont.gov/blog/2018/04/24/atrium-hospitality-notice-of-data-breach-to-consumers/,Vermont,https://ago.vermont.gov/archived-security-breaches/,2018-04-24
Trust Company of the South ,https://ago.vermont.gov/blog/2018/04/24/trust-company-of-the-south-notice-of-data-breach-to-consumers/,Vermont,https://ago.vermont.gov/archived-security-breaches/,2018-04-24
Capital Digestive Care Data Security Incident to Consumers,https://ago.vermont.gov/blog/2018/04/23/capital-digestive-care-data-security-incident-to-consumers/,Vermont,https://ago.vermont.gov/archived-security-breaches/,2018-04-23
Southwest Airlines Co Notice of Data Incident to Consumers,https://ago.vermont.gov/blog/2018/04/20/southwest-airlines-co-notice-of-data-incident-to-consumers/,Vermont,https://ago.vermont.gov/archived-security-breaches/,2018-04-20
American Esoteric Laboratories ,https://ago.vermont.gov/blog/2018/04/20/american-esoteric-laboratories-notice-of-data-breach-to-consumers/,Vermont,https://ago.vermont.gov/archived-security-breaches/,2018-04-20
Best Buy Co Inc ,https://ago.vermont.gov/blog/2018/04/20/best-buy-co-inc-notice-of-data-breach-to-consumers/,Vermont,https://ago.vermont.gov/archived-security-breaches/,2018-04-20
WW Grainger Inc Notice of Third party Data Breach to Consumers,https://ago.vermont.gov/blog/2018/04/19/ww-grainger-inc-notice-of-third-party-data-breach-to-consumers/,Vermont,https://ago.vermont.gov/archived-security-breaches/,2018-04-19
Michael Gruber DMD PA Notice to Consumers,https://ago.vermont.gov/blog/2018/04/19/michael-gruber-dmd-pa-notice-to-consumers/,Vermont,https://ago.vermont.gov/archived-security-breaches/,2018-04-19
Strategic Analysis Inc ,https://ago.vermont.gov/blog/2018/04/19/strategic-analysis-inc-notice-of-data-breach-to-consumers/,Vermont,https://ago.vermont.gov/archived-security-breaches/,2018-04-19
Discover ,https://ago.vermont.gov/blog/2018/04/18/discover-sbn-to-consumers/,Vermont,https://ago.vermont.gov/archived-security-breaches/,2018-04-18
Temp-Tations Home LLC to Consumers,https://ago.vermont.gov/blog/2018/04/16/temp-tations-home-llc-to-consumers/,Vermont,https://ago.vermont.gov/archived-security-breaches/,2018-04-16
BTCE Inc ,https://ago.vermont.gov/blog/2018/04/16/btce-inc-sbn-to-consumers/,Vermont,https://ago.vermont.gov/archived-security-breaches/,2018-04-16
Delta Air Lines Inc SBN,https://ago.vermont.gov/blog/2018/04/16/delta-air-lines-inc-sbn/,Vermont,https://ago.vermont.gov/archived-security-breaches/,2018-04-16
Inogen Inc ,https://ago.vermont.gov/blog/2018/04/13/inogen-inc-sbn-to-consumers/,Vermont,https://ago.vermont.gov/archived-security-breaches/,2018-04-13
MedWatch LLC ,https://ago.vermont.gov/blog/2018/04/13/medwatch-llc-sbn-to-consumers/,Vermont,https://ago.vermont.gov/archived-security-breaches/,2018-04-13
Peoples United ,https://ago.vermont.gov/blog/2018/04/12/peoples-united-notice-of-data-breach-to-consumers/,Vermont,https://ago.vermont.gov/archived-security-breaches/,2018-04-12
Custom Personalization Solutions LLC ,https://ago.vermont.gov/blog/2018/04/11/custom-personalization-solutions-llc-notice-of-data-breach-to-consumers/,Vermont,https://ago.vermont.gov/archived-security-breaches/,2018-04-11
Custom Personalization Solutions LLC to Consumers,https://ago.vermont.gov/blog/2018/04/11/custom-personalization-solutions-llc-to-consumers/,Vermont,https://ago.vermont.gov/archived-security-breaches/,2018-04-11
PF@Com Inc to Consumers,https://ago.vermont.gov/blog/2018/04/11/pfcom-inc-to-consumers/,Vermont,https://ago.vermont.gov/archived-security-breaches/,2018-04-11
Autism Learning Partners Holdings LLC to Consumers,https://ago.vermont.gov/blog/2018/04/06/autism-learning-partners-holdings-llc-to-consumers/,Vermont,https://ago.vermont.gov/archived-security-breaches/,2018-04-06
John Y Trent & Associations LLC to Consumers,https://ago.vermont.gov/blog/2018/04/04/john-y-trent-associations-llc-to-consumers/,Vermont,https://ago.vermont.gov/archived-security-breaches/,2018-04-04
Interval International Inc Security Breach Noticee Ltr to Consumers,https://ago.vermont.gov/blog/2018/04/04/interval-international-inc-security-breach-noticee-ltr-to-consumers/,Vermont,https://ago.vermont.gov/archived-security-breaches/,2018-04-04
Springer Science and Business Media LLC Security Notification to Consumers,https://ago.vermont.gov/blog/2018/04/03/springer-science-and-business-media-llc-security-notification-to-consumers/,Vermont,https://ago.vermont.gov/archived-security-breaches/,2018-04-03
JC Penney Corporation Inc ,https://ago.vermont.gov/blog/2018/04/03/jc-penney-corporation-inc-notice-of-data-breach-to-consumers/,Vermont,https://ago.vermont.gov/archived-security-breaches/,2018-04-03
Blue Beacon ,https://ago.vermont.gov/blog/2018/04/03/blue-beacon-notice-of-data-breach-to-consumers/,Vermont,https://ago.vermont.gov/archived-security-breaches/,2018-04-03
Lincoln Financial ,https://ago.vermont.gov/blog/2018/04/02/lincoln-financial-sbn-to-consumers/,Vermont,https://ago.vermont.gov/archived-security-breaches/,2018-04-02
Thermo Fisher Scientific ,https://ago.vermont.gov/blog/2018/03/30/thermo-fisher-scientific-sbn-to-consumers/,Vermont,https://ago.vermont.gov/archived-security-breaches/,2018-03-30
Fred Usinger Inc ,https://ago.vermont.gov/blog/2018/03/29/fred-usinger-inc-notice-of-data-breach-to-consumers/,Vermont,https://ago.vermont.gov/archived-security-breaches/,2018-03-29
Shutterfly ,https://ago.vermont.gov/blog/2018/03/28/shutterfly-notice-of-data-breach-to-consumers/,Vermont,https://ago.vermont.gov/archived-security-breaches/,2018-03-28
Shutterfly ,https://ago.vermont.gov/blog/2018/03/28/shutterfly-sbn-to-consumers/,Vermont,https://ago.vermont.gov/archived-security-breaches/,2018-03-28
Manduka ,https://ago.vermont.gov/blog/2018/03/27/manduka-notice-of-data-breach-to-consumers/,Vermont,https://ago.vermont.gov/archived-security-breaches/,2018-03-27
Friedman Leavitt & Associates Inc ,https://ago.vermont.gov/blog/2018/03/27/friedman-leavitt-associates-inc-sbn-to-consumers/,Vermont,https://ago.vermont.gov/archived-security-breaches/,2018-03-27
NFP Property and Casualty Services Inc ,https://ago.vermont.gov/blog/2018/03/23/nfp-property-and-casualty-services-inc-sbn-to-consumers/,Vermont,https://ago.vermont.gov/archived-security-breaches/,2018-03-23
Orbitz ,https://ago.vermont.gov/blog/2018/03/22/orbitz-notice-of-data-breach-to-consumers/,Vermont,https://ago.vermont.gov/archived-security-breaches/,2018-03-22
CPLSE ,https://ago.vermont.gov/blog/2018/03/21/cplse-notice-of-data-breach-to-consumers/,Vermont,https://ago.vermont.gov/archived-security-breaches/,2018-03-21
American Express Travel Related Services Co Inc Notice of Data Breach,https://ago.vermont.gov/blog/2018/03/16/american-express-travel-related-services-co-inc-notice-of-data-breach/,Vermont,https://ago.vermont.gov/archived-security-breaches/,2018-03-16
Intuit Inc Turbo Tax Security Review for Consumers,https://ago.vermont.gov/blog/2018/03/14/intuit-inc-turbo-tax-security-review-for-consumers/,Vermont,https://ago.vermont.gov/archived-security-breaches/,2018-03-14
Ithaca College Notice of Data Security Breach to Consumers,https://ago.vermont.gov/blog/2018/03/14/ithaca-college-notice-of-data-security-breach-to-consumers/,Vermont,https://ago.vermont.gov/archived-security-breaches/,2018-03-14
Discover Security Breach Letter to Consumers,https://ago.vermont.gov/blog/2018/03/13/discover-security-breach-letter-to-consumers/,Vermont,https://ago.vermont.gov/archived-security-breaches/,2018-03-13
2018-03-13 Rotary International ,https://ago.vermont.gov/blog/2018/03/13/2018-03-13-rotary-international-notice-of-data-breach-to-consumers/,Vermont,https://ago.vermont.gov/archived-security-breaches/,2018-03-13
Chalavoutis Associates LLC Letter to Consumers,https://ago.vermont.gov/blog/2018/03/09/chalavoutis-associates-llc-letter-to-consumers/,Vermont,https://ago.vermont.gov/archived-security-breaches/,2018-03-09
Academy Mortgage Corporation Notice of Security Incident to Consumers,https://ago.vermont.gov/blog/2018/03/09/academy-mortgage-corporation-notice-of-security-incident-to-consumers/,Vermont,https://ago.vermont.gov/archived-security-breaches/,2018-03-09
ABM Industries Incorporated ,https://ago.vermont.gov/blog/2018/03/08/abm-industries-incorporated-notice-of-data-breach-to-consumers/,Vermont,https://ago.vermont.gov/archived-security-breaches/,2018-03-08
Chopra Enterprises LLC ,https://ago.vermont.gov/blog/2018/03/07/chopra-enterprises-llc-notice-of-data-breach-to-consumers/,Vermont,https://ago.vermont.gov/archived-security-breaches/,2018-03-07
CNU Online Holdings LLC Notice of Data Security Incident to Consumers,https://ago.vermont.gov/blog/2018/03/07/cnu-online-holdings-llc-notice-of-data-security-incident-to-consumers/,Vermont,https://ago.vermont.gov/archived-security-breaches/,2018-03-07
California State University Fresno ,https://ago.vermont.gov/blog/2018/03/06/california-state-university-fresno-notice-of-data-breach-to-consumers/,Vermont,https://ago.vermont.gov/archived-security-breaches/,2018-03-06
Interstate Plastics Inc ,https://ago.vermont.gov/blog/2018/03/06/interstate-plastics-inc-notice-of-data-breach-to-consumers/,Vermont,https://ago.vermont.gov/archived-security-breaches/,2018-03-06
ISS Solutions Important Notification Regarding Your Personal Information,https://ago.vermont.gov/blog/2018/03/06/iss-solutions-important-notification-regarding-your-personal-information/,Vermont,https://ago.vermont.gov/archived-security-breaches/,2018-03-06
Intuit Inc Turbo Tax Security Review Investigation for Consumers,https://ago.vermont.gov/blog/2018/03/05/intuit-inc-turbo-tax-security-review-investigation-for-consumers/,Vermont,https://ago.vermont.gov/archived-security-breaches/,2018-03-05
Cary E Williams CPA ,https://ago.vermont.gov/blog/2018/03/05/cary-e-williams-cpa-sbn-consumers/,Vermont,https://ago.vermont.gov/archived-security-breaches/,2018-03-05
ASI Construction ,https://ago.vermont.gov/blog/2018/03/02/asi-construction-sbn-to-consumers/,Vermont,https://ago.vermont.gov/archived-security-breaches/,2018-03-02
St. Peter’s Surgery & Endoscopy Center ,https://ago.vermont.gov/blog/2018/02/28/st-peters-surgery-endoscopy-center-sbn-consumers/,Vermont,https://ago.vermont.gov/archived-security-breaches/,2018-02-28
Mercy Love County Hospital and Clinic ,https://ago.vermont.gov/blog/2018/02/27/mercy-love-county-hospital-clinic-sbn-consumers/,Vermont,https://ago.vermont.gov/archived-security-breaches/,2018-02-27
Metro Wire Rope ,https://ago.vermont.gov/blog/2018/02/27/metro-wire-rope-sbn-consumers/,Vermont,https://ago.vermont.gov/archived-security-breaches/,2018-02-27
FastHealth Corporation ,https://ago.vermont.gov/blog/2018/02/27/fasthealth-corporation-sbn-consumers/,Vermont,https://ago.vermont.gov/archived-security-breaches/,2018-02-27
Curtis Lumber Co  _Redacted,https://ago.vermont.gov/blog/2018/02/26/curtis-lumber-co-sbn-consumers-_redacted/,Vermont,https://ago.vermont.gov/archived-security-breaches/,2018-02-26
North 40 Outfitters ,https://ago.vermont.gov/blog/2018/02/23/north-40-outfitters-sbn-consumers/,Vermont,https://ago.vermont.gov/archived-security-breaches/,2018-02-23
Mueller and Co CPA ,https://ago.vermont.gov/blog/2018/02/23/mueller-co-cpa-sbn-consumers/,Vermont,https://ago.vermont.gov/archived-security-breaches/,2018-02-23
LA Philharmonic ,https://ago.vermont.gov/blog/2018/02/21/la-philharmonic-sbn-consumers/,Vermont,https://ago.vermont.gov/archived-security-breaches/,2018-02-21
TALX Corp – Entergy ,https://ago.vermont.gov/blog/2018/02/12/talx-corp-entergy-sbn-consumers/,Vermont,https://ago.vermont.gov/archived-security-breaches/,2018-02-12
Connecticut Airport Authority ,https://ago.vermont.gov/blog/2018/02/12/connecticut-airport-authority-sbn-consumers/,Vermont,https://ago.vermont.gov/archived-security-breaches/,2018-02-12
Corporate Employment Resources ,https://ago.vermont.gov/blog/2018/02/09/corporate-employment-resources-sbn-consumers/,Vermont,https://ago.vermont.gov/archived-security-breaches/,2018-02-09
1st Mariner ,https://ago.vermont.gov/blog/2018/02/05/1st-mariner-sbn-consumers/,Vermont,https://ago.vermont.gov/archived-security-breaches/,2018-02-05
PAR Electrical Contractors ,https://ago.vermont.gov/blog/2018/02/05/par-electrical-contractors-sbn-consumers/,Vermont,https://ago.vermont.gov/archived-security-breaches/,2018-02-05
Vermont Health Connect – AHS ,https://ago.vermont.gov/blog/2018/01/30/vermont-health-connect-ahs-sbn-consumers/,Vermont,https://ago.vermont.gov/archived-security-breaches/,2018-01-30
RBC Royal Bank SBN to Consumer,https://ago.vermont.gov/blog/2018/01/26/rbc-royal-bank-sbn-consumer/,Vermont,https://ago.vermont.gov/archived-security-breaches/,2018-01-26
Pentair Aquatic Eco Systems ,https://ago.vermont.gov/blog/2018/01/26/pentair-aquatic-eco-systems-sbn-consumers/,Vermont,https://ago.vermont.gov/archived-security-breaches/,2018-01-26
"Southern National Bancorp of Virginia, Inc. ",https://ago.vermont.gov/blog/2018/01/24/southern-national-bancorp-virginia-inc-sbn-consumers/,Vermont,https://ago.vermont.gov/archived-security-breaches/,2018-01-24
VSA Partners ,https://ago.vermont.gov/blog/2018/01/24/vsa-partners-sbn-consumers/,Vermont,https://ago.vermont.gov/archived-security-breaches/,2018-01-24
Westminister Ingleside King Farm Presbyterian Retirement Communitites ,https://ago.vermont.gov/blog/2018/01/19/westminister-ingleside-king-farm-presbyterian-retirement-communitites-sbn-consumers/,Vermont,https://ago.vermont.gov/archived-security-breaches/,2018-01-19
Monticello Central School District ,https://ago.vermont.gov/blog/2018/01/17/monticello-central-school-district-sbn-consumers/,Vermont,https://ago.vermont.gov/archived-security-breaches/,2018-01-17
Hallmark Home Mortgage ,https://ago.vermont.gov/blog/2018/01/12/hallmark-home-mortgage-sbn-consumers/,Vermont,https://ago.vermont.gov/archived-security-breaches/,2018-01-12
Jason’s Deli – Deli Management Inc. ,https://ago.vermont.gov/blog/2018/01/12/jasons-deli-deli-management-inc-sbn-consumers/,Vermont,https://ago.vermont.gov/archived-security-breaches/,2018-01-12
Guaranteed Rate Inc ,https://ago.vermont.gov/blog/2018/01/12/guaranteed-rate-inc-sbn-consumers/,Vermont,https://ago.vermont.gov/archived-security-breaches/,2018-01-12
Pharmerica Corporation ,https://ago.vermont.gov/blog/2018/01/12/pharmerica-corporation-sbn-consumers/,Vermont,https://ago.vermont.gov/archived-security-breaches/,2018-01-12
Alton Lane ,https://ago.vermont.gov/blog/2018/01/10/alton-lane-sbn-consumers/,Vermont,https://ago.vermont.gov/archived-security-breaches/,2018-01-10
Broward College ,https://ago.vermont.gov/blog/2018/01/10/broward-college-sbn-consumers/,Vermont,https://ago.vermont.gov/archived-security-breaches/,2018-01-10
talentReef ,https://ago.vermont.gov/blog/2018/01/10/talentreef-sbn-consumers/,Vermont,https://ago.vermont.gov/archived-security-breaches/,2018-01-10
Sabre Hospitality Service ,https://ago.vermont.gov/blog/2018/01/09/sabre-hospitality-service-sbn-consumers/,Vermont,https://ago.vermont.gov/archived-security-breaches/,2018-01-09
beautyblender – Rea.deeming Beauty ,https://ago.vermont.gov/blog/2018/01/05/beautyblender-rea-deeming-beauty-sbn-consumers/,Vermont,https://ago.vermont.gov/archived-security-breaches/,2018-01-05
Northeast Arc ,https://ago.vermont.gov/blog/2018/01/05/northeast-arc-sbn-consumers/,Vermont,https://ago.vermont.gov/archived-security-breaches/,2018-01-05
The Valerie Fund ,https://ago.vermont.gov/blog/2017/12/20/valerie-fund-sbn-consumers/,Vermont,https://ago.vermont.gov/archived-security-breaches/,2017-12-20
Board of Pensions of the Presbyterian Church-USA ,https://ago.vermont.gov/blog/2017/12/15/board-pensions-presbyterian-church-usa-sbn-consumers/,Vermont,https://ago.vermont.gov/archived-security-breaches/,2017-12-15
Florida Power and Light – TIO Networks USA ,https://ago.vermont.gov/blog/2017/12/14/florida-power-light-tio-networks-usa-sbn-consumers/,Vermont,https://ago.vermont.gov/archived-security-breaches/,2017-12-14
IH Mississippi Valley Credit Union ,https://ago.vermont.gov/blog/2017/12/13/ih-mississippi-valley-credit-union-sbn-consumers/,Vermont,https://ago.vermont.gov/archived-security-breaches/,2017-12-13
Pacific Gas and Electric ,https://ago.vermont.gov/blog/2017/12/13/pacific-gas-electric-sbn-consumers/,Vermont,https://ago.vermont.gov/archived-security-breaches/,2017-12-13
The Whitehall Hotel ,https://ago.vermont.gov/blog/2017/12/07/whitehall-hotel-sbn-consumers/,Vermont,https://ago.vermont.gov/archived-security-breaches/,2017-12-07
AHS DVHA VHC ,https://ago.vermont.gov/blog/2017/12/04/ahs-dvha-vhc-sbn-consumers/,Vermont,https://ago.vermont.gov/archived-security-breaches/,2017-12-04
JAM Paper & Envelope ,https://ago.vermont.gov/blog/2017/12/01/jam-paper-envelope-sbn-consumers/,Vermont,https://ago.vermont.gov/archived-security-breaches/,2017-12-01
Grass Advantage LLC  ,https://ago.vermont.gov/blog/2017/11/30/grass-advantage-llc-sbn-consumers/,Vermont,https://ago.vermont.gov/archived-security-breaches/,2017-11-30
Combat Brands LLC ,https://ago.vermont.gov/blog/2017/11/29/combat-brands-llc-sbn-consumers/,Vermont,https://ago.vermont.gov/archived-security-breaches/,2017-11-29
Bulletproof 360 Inc ,https://ago.vermont.gov/blog/2017/11/27/bulletproof-360-inc-sbn-consumers/,Vermont,https://ago.vermont.gov/archived-security-breaches/,2017-11-27
SallieMae ,https://ago.vermont.gov/blog/2017/11/22/salliemae-sbn-consumers/,Vermont,https://ago.vermont.gov/archived-security-breaches/,2017-11-22
Uber ,https://ago.vermont.gov/blog/2017/11/22/uber-sbn-consumers/,Vermont,https://ago.vermont.gov/archived-security-breaches/,2017-11-22
Baylor College of Medicine ,https://ago.vermont.gov/blog/2017/11/21/baylor-college-medicine-sbn-consumers/,Vermont,https://ago.vermont.gov/archived-security-breaches/,2017-11-21
JRK Hotel Group Consumer Notice Letter to Consumers,https://ago.vermont.gov/blog/2017/11/17/jrk-hotel-group-consumer-notice-letter-consumers/,Vermont,https://ago.vermont.gov/archived-security-breaches/,2017-11-17
Saris Cycling Group ,https://ago.vermont.gov/blog/2017/11/15/saris-cycling-group-sbn-consumers/,Vermont,https://ago.vermont.gov/archived-security-breaches/,2017-11-15
Gallagher NAC ,https://ago.vermont.gov/blog/2017/11/14/gallagher-nac-sbn-consumers/,Vermont,https://ago.vermont.gov/archived-security-breaches/,2017-11-14
ABM Industries Inc ,https://ago.vermont.gov/blog/2017/11/14/abm-industries-inc-sbn-consumers/,Vermont,https://ago.vermont.gov/archived-security-breaches/,2017-11-14
Intuit Turbo Tax ,https://ago.vermont.gov/blog/2017/11/13/intuit-turbo-tax-sbn-consumers/,Vermont,https://ago.vermont.gov/archived-security-breaches/,2017-11-13
InTouch Credit Union ,https://ago.vermont.gov/blog/2017/11/08/intouch-credit-union-sbn-consumers/,Vermont,https://ago.vermont.gov/archived-security-breaches/,2017-11-08
"Wilbraham, Lawler & Buba P.C. ",https://ago.vermont.gov/blog/2017/11/06/wilbraham-lawler-buba-p-c-sbn-consumers/,Vermont,https://ago.vermont.gov/archived-security-breaches/,2017-11-06
Agency of Human Services-DCF-ESD ,https://ago.vermont.gov/blog/2017/10/23/agency-of-human-services-dcf-esd-notice-of-data-breach-to-consumers/,Vermont,https://ago.vermont.gov/archived-security-breaches/,2017-10-23
Peoples United Bank ,https://ago.vermont.gov/blog/2017/02/16/peoples-united-bank-sbn-to-consumers/,Vermont,https://ago.vermont.gov/archived-security-breaches/,2017-02-16
