Data Stolen,Date Notice Provided to Consumers,Dates of Breach,Individuals Affected,Name of Entity,State Reported,Start Date of Breach,End Date of Breach
"Cardholder's name, payment card number, expiration date, and CVV code.",2019-02-15 00:00:00,"January 3, 2019 through January 24, 2019",Unknown number of affected individuals including an unknown number of Wisconsin residents.,"North Country Business Products, Inc.",Wisconsin,2019-01-03 00:00:00,2019-01-24 00:00:00
"Name, payment card number, expiration date, and card security code.",2018-12-20 00:00:00,"Between August 28, 2018 and December 3, 2018",Unknown number of affected individuals including an unknown number of Wisconsin residents.,Caribou Coffee Co.,Wisconsin,2018-08-28 00:00:00," December 3, 2018"
"Name, payment card number, expiration date, and card security code.",2018-12-20 00:00:00,"Between August 28, 2018 and December 3, 2018",Unknown number of affected individuals including an unknown number of Wisconsin residents.,Bruegger’s Bagels,Wisconsin,2018-08-28 00:00:00," December 3, 2018"
"Name, payment card number, expiration date, and card security code.",2018-12-20 00:00:00,"Between August 28, 2018 and December 3, 2018",Unknown number of affected individuals including an unknown number of Wisconsin residents.,Coffee and Bagel Brands,Wisconsin,2018-08-28 00:00:00," December 3, 2018"
"Name, date of birth, address, phone number, email address, passport number, Starwood Preferred Guest account information, gender, arrival and departure information, reservation date, payment card numbers and payment card expiration dates.",2018-11-30 00:00:00,Since 2014,Approximately 500 million affected individuals including an unknown number of Wisconsin residents.,Marriott International,Wisconsin,Since 2014,
"Name, date of birth, address, sex, last four digits of the Social Security number, expected income, tax filing status, immigration document types and numbers, employer, insurance plan, premium, and dates of coverage.",2018-11-07 00:00:00,"October 16, 2018","75,000 affected individuals including an unknown number of Wisconsin residents.",Healthcare.gov,Wisconsin,2018-10-16 00:00:00,
"Name, date of birth, Social Security number, address, hire date, termination date, and 401K contribution information.",2018-11-02 00:00:00,"May 23, 2018","Approximately 19,000 affected individuals including approximately 600 Wisconsin residents.","Five Guys Holdings, Inc.",Wisconsin,2018-05-23 00:00:00,
"Name, address, date of birth, and financial account number.",2018-10-08 00:00:00,April 2018,Unknown number of affected individuals including an unknown number of Wisconsin residents.,Roadrunner Transportation Systems,Wisconsin,April 2018,
"Name, phone number, email address, account number, account type, and billing zip code.",2018-08-23 00:00:00,"August 20, 2018",Unknown number of affected individuals including an unknown number of Wisconsin residents.,T-Mobile USA Inc.,Wisconsin,2018-08-20 00:00:00,
"Name, Social Security number, Driver’s license number, date of birth, address, telephone number, email address, medical and health plan numbers, license plate numbers, fingerprints, full-face photos and more.",2018-08-10 00:00:00,"January 1, 2013 through March 28, 2018","258,120 affected individuals, an unknown number of these individuals are Wisconsin residents.","Adams County, WI",Wisconsin,2013-01-01 00:00:00,2018-03-28 00:00:00
"Name, address, date of birth, Social Security number, driver’s license number, payment card, and bank account numbers, medical record numbers, insurance, medical, treatment, and surgical information, diagnoses, lab results, medications, providers, and dates of service.",2018-07-30 00:00:00,"March 14, 2018 through April 3, 2018","Approximately 1.4 million individuals affected, an unknown number of these individuals are Wisconsin residents.",UnityPoint Health,Wisconsin,2018-03-14 00:00:00,2018-04-03 00:00:00
"Name, address, telephone number, email address, and Social Security number.",2018-07-13 00:00:00,"April 20, 2018 through May 22, 2018","662,000 including 12,155 Wisconsin residents.","ComplyRight, Inc.",Wisconsin,2018-04-20 00:00:00,2018-05-22 00:00:00
First and last names; full addresses; phone numbers; email addresses; birthdays (not including year); and debit and credit card numbers with expiration dates.,2018-07-03 00:00:00,"April 26, 2018",Unknown – it is undetermined at this time the number of individuals affected by this breach.,Macy's Inc.,Wisconsin,2018-04-26 00:00:00,
"First name, last name, Social Security number, address, date of birth, phone number, email address, health insurance information, diagnoses, prescription information, and client identification number.",2018-06-22 00:00:00,"January 14, 2018",Approximately 450 Wisconsin residents.,"Manitowoc County, WI",Wisconsin,2018-01-14 00:00:00,
"Names, addresses, and Social Security numbers.",2018-06-20 00:00:00,First week of May 2018,"3,332 affected individuals including 9 Wisconsin residents.",Educational Employees' Supplementary Retirement System of Fairfax County,Wisconsin,First week of May 2018,
"Name, address, date of birth, Social Security number, and for some, limited health information.",2018-06-07 00:00:00,"April 8, 2018","3,731 affected individuals, according to RISE Wisconsin the majority of these individuals are Wisconsin residents.",RISE Wisconsin Inc.,Wisconsin,2018-04-08 00:00:00,
"Names, driver's license numbers, and Social Security numbers.",April 2018,"March 23, 2018","Approximately 16,500 borrowers (unknown if any Wisconsin residents are affected).",Access Group Education Lending,Wisconsin,2018-03-23 00:00:00,
"Social Security Numbers, dates of birth, medical record numbers, treatment & surgical information, insurance, and other financial information.",2018-04-16 00:00:00,"November 1, 2017 through February 7, 2018","Approximately 16,000 individuals affected, an unknown number of these individuals are Wisconsin residents.",UnityPoint Health,Wisconsin,2017-11-01 00:00:00,2018-02-07 00:00:00
Payment card information.,2018-04-05 00:00:00,"September 27 - October 12, 2017","An unknown number of Best Buy customers, whether or not they used the computer chat support.","Best Buy Co., Inc.",Wisconsin,September 27," October 12, 2017"
"Name, address, payment card number, CVV number, and expiration date.",2018-04-04 00:00:00,"September 26, 2017 - October 12, 2017",Unknown number of affected individuals.,Delta Airlines and [24]7.ai,Wisconsin,2017-09-26 00:00:00," October 12, 2017"
Payment card information.,2018-04-04 00:00:00,"September 27 - October 12, 2017","Less than 100,000 customers who completed an online order on Sears.com or Kmart.com.",Sears Holding Corp.,Wisconsin,September 27," October 12, 2017"
"Laptop which may have contained names, addresses, dates of birth, Medicaid numbers, financial information, and Social Security numbers.",2018-04-03 00:00:00,"February 5, 2018",779 IRIS Program participants.,"The Management Group working as a consultant for the Wisconsin Department of Health Services IRIS (Include, Respect, I Self-Direct) Program",Wisconsin,2018-02-05 00:00:00,
Payment card data,2018-04-01 00:00:00,Unknown,"Consumers who used credit or debit cards to make purchases at certain Saks Fifth Avenue, Saks OFF 5TH, and Lord & Taylor stores in North America. There are no indications that it affected their e-commerce platform.","Hudson's Bay Company dba Saks Fifth Avenue, Saks OFF 5TH, and Lord & Taylor",Wisconsin,Unkno,
"Usernames, email addresses, and hashed passwords",2018-03-29 00:00:00,Late February 2018,Approximately 150 million user accounts.,UnderArmour dba MyFitnessPal,Wisconsin,Late February 2018,
"Name, home address and Social Security number.",2018-02-22 00:00:00,"February 1, 2018","1,758 Wisconsin residents who were members of the UW-Superior Alumni Association.",UW-Superior Alumni Association,Wisconsin,2018-02-01 00:00:00,
Payment card number and CVV.,2018-01-31 00:00:00,"Between October 3rd and December 22nd, 2017",Three Wisconsin residents who used the travel rewards redemption program were affected by the breach.,Travelocity,Wisconsin,October 3rd," December 22nd, 2017"
"Names, Social Security numbers, dates of birth, positions, grades, duty stations, alien registration numbers, email addresses, phone numbers and addresses.",2017-12-28 00:00:00,"May 10, 2017","Approximately 246,167 current and former federal government employees who were employed directly by DHS during 2014 as well as subjects, witnesses and complainants who were both DHS employees and non-DHS employees.The number of Wisconsin residents who were impacted is unknown.",The Department of Homeland Security,Wisconsin,2017-05-10 00:00:00,
"Names, addresses, dates of birth and drivers license numbers.",2017-12-08 00:00:00,"November 20, 2017",Between 980 and 1000 Wisconsin residents who were registered voters with the Village of Nashotah.,Village of Nashotah,Wisconsin,2017-11-20 00:00:00,
"Patients’ names, home addresses, dates of birth, medical record numbers, health insurance information, date(s) of service, surgical information, diagnosis/condition, and/or treatment information. A limited number of Social Security numbers and bank account information.",2017-11-17 00:00:00,"Between July 21 and July 28, 2017","7,289 Wisconsin residents who were patients of the Medical College of Wisconsin during the time of the breach.",Medical College of Wisconsin,Wisconsin,July 21," July 28, 2017"
"Names, addresses and Social Security numbers.",2017-11-15 00:00:00,"October 18, 2017",An unknown number of Wisconsin residents who are current or former employees of Saris Cycling Group.,Saris Cycling Group,Wisconsin,2017-10-18 00:00:00,
"Names, phone numbers, email addresses and, in some cases, driver license numbers.",2017-11-22 00:00:00,October 2016,"2,703 Wisconsin residents who were employees of Uber during the time of the breach.",Uber Technologies Inc.,Wisconsin,October 2016,
Social Security numbers.,2017-10-31 00:00:00,"May 15, 2017",Three Wisconsin residents who were customers of HBO during the time of the breach.,"Home Box Office, Inc. (HBO)",Wisconsin,2017-05-15 00:00:00,
"Name, date of birth, e-mail address, and child name and date of birth (if provided).",2017-10-30 00:00:00,"October 18, 2017",500 Wisconsin residents who had Kimberly-Clark brand online accounts during the time of the breach.,Kimberly-Clark,Wisconsin,2017-10-18 00:00:00,
"W-2 statement including name, address, Social Security number, and wages.",2017-10-13 00:00:00,"October 5, 2017",475 current and former employees of Beer Capitol Distributing who received a W-2 for 2016.,Beer Capitol Distributing,Wisconsin,2017-10-05 00:00:00,
Credit and debit card data.,2017-10-03 00:00:00,"Thursday, September 28, 2017","An unknown number of Wisconsin residents who made a purchase with their debit or credit cards at Whole Foods Market in Wauwatosa, WI during the time of the breach.",Whole Foods Market,Wisconsin,"Thursday, September 28, 2017",
Credit and debit card data.,2017-10-03 00:00:00,"Wednesday, September 27, 2017",An unknown number of Wisconsin residents who made a purchase with their debit or credit card at a Sonic restaurant during the time of the breach.,Sonic Drive-In,Wisconsin,"Wednesday, September 27, 2017",
"Name, address, phone number, email address, account login credentials, employee ID, state ID number, driver’s license number, ITIN number, medical and health insurance information, passport number, date of birth and Social Security number.",2017-09-29 00:00:00,"July 25-28, 2017",An unknown number of Wisconsin residents who are current or former employees of Briggs & Stratton or health care dependents and insurance beneficiaries of those employees.,Briggs & Stratton,Wisconsin,July 25,"28, 2017"
"Member names and IDs, provider information, addresses, phone numbers and dates of birth.",2017-09-22 00:00:00,Early August,"51,232 members of Network Health.",Network Health,Wisconsin,Early Augus,
"Names, Social Security numbers, birth dates, addresses, some credit card numbers and the numbers of some driver's licenses.",2017-09-07 00:00:00,"Between mid-May and July 29th, 2017",As many as 145.5 million U.S. consumers (updated from 143 million on 10/3/17).,Equifax,Wisconsin,mid,May 
"Name, organization or trust name, Social Security number or Taxpayer Identification number, and custodial bank or brokerage account number.",2017-08-17 00:00:00,"August 7, 2017","966 Wisconsin residents who had accounts with Fiduciary Management, Inc. were potentially impacted.","Fiduciary Management, Inc.",Wisconsin,2017-08-07 00:00:00,
"Customer name, address, email, telephone number and credit or debit card information.",2017-08-16 00:00:00,"Between April 2015 and June 23, 2017",148 Wisconsin residents who made Visa or MasterCard purchases through the Native Shoes website during the time of the breach.,Native Canada Footwear Ltd.,Wisconsin,April 2015," June 23, 2017"
"Medicare ID numbers (which includes a Social Security number), health plan ID numbers (HCID), Medicare contract numbers, dates of enrollment, and a limited number of last names and birthdates.",2017-07-24 00:00:00,"April 12, 2017",223 Wisconsin residents who were Medicare beneficiaries that had a Medicare Advantage plan.,"Anthem, Inc./Launchpoint Ventures",Wisconsin,2017-04-12 00:00:00,
"Names, addresses, account information, email addresses, and last four digits of credit card.",2017-07-16 00:00:00,"May 30, 2017",An unknown number of Wisconsin residents who were customers of Dow Jones & Company during the time of the breach.,Dow Jones & Company,Wisconsin,2017-05-30 00:00:00,
"Customer name, account PIN numbers, and a limited number of cell phone numbers.",2017-07-12 00:00:00,"June 13, 2017",An unknown number of Wisconsin residents who had accounts with Verizon during the time of the breach.,Verizon,Wisconsin,2017-06-13 00:00:00,
Login credentials.,2017-07-05 00:00:00,"May 31, 2017",3 Wisconsin residents who are current and former employees of QBE North America.,QBE North America,Wisconsin,2017-05-31 00:00:00,
"First name, last name, Social Security number.",2017-06-30 00:00:00,"May 31, 2017","5,500 Wisconsin residents who were members of Community Link, Inc. during the time of the breach.","Community Link, Inc.",Wisconsin,2017-05-31 00:00:00,
"Username and password, Social Security number, name, address and cellular telephone number.",2017-06-22 00:00:00,April 2017,An unknown number of Wisconsin residents who had accounts with U.S. Cellular during the time of the breach.,U.S. Cellular,Wisconsin,April 2017,
Username and password,2017-06-18 00:00:00,"May 26, 2017",Potentially 35 Wisconsin residents who have online accounts with Bed Bath & Beyond.,Bed Bath & Beyond,Wisconsin,2017-05-26 00:00:00,
Email addresses and passwords.,2017-05-25 00:00:00,Prior to June 2013,An unknown number of Wisconsin residents who were registered members of Allrecipes.com during the time of the breach.,Allrecipes.com,Wisconsin,Prior,June 2013
Patient's name; address; date of birth; date of service; provider's name; reason for visit; medical history and conditions; medications; diagnostic results; and/or social history.,2017-05-25 00:00:00,"March 16, 2017","2,036 Wisconsin residents who were patients of UW Health.",UW Health,Wisconsin,2017-03-16 00:00:00,
"Names, addresses, last four digits of the Social Security numbers, account numbers, IRA contributions for 2016, and Fair Market Value of the IRA.",2017-05-24 00:00:00,"May 15, 2017","13,581 Wisconsin residents who had accounts with BMO Harris Bank during the time of the breach.",BMO Harris Bank,Wisconsin,2017-05-15 00:00:00,
User email accounts; shared files; names; addresses; account numbers; driver's license numbers; and Social Security numbers.,2017-05-15 00:00:00,"March 7, 2017",16 Wisconsin residents who had online accounts with Capital First Trust Company.,Capital First Trust Company,Wisconsin,2017-03-07 00:00:00,
"Cardholder's name, addresss, card number, expiration data and CVV.",2017-05-15 00:00:00,"Between December 20, 2016 and March 3, 2017",An unknown number of Wisconsin residents who made a purchase at Kuru’s online website during the time of the breach.,Kuru,Wisconsin,2016-12-20 00:00:00," March 3, 2017"
"Payment card data including name, payment card account number, card expiration data, and card verification code.",2017-05-12 00:00:00,"Between April 4, 2016 and March 1, 2017","An unknown number of Wisconsin residents were affected by the breach. Three Brooks Brothers locations were affected in Wisconsin. They are located in Glendale, Pleasant Prairie, and Oshkosh.",Brooks Brothers,Wisconsin,2016-04-04 00:00:00," March 1, 2017"
Credit and debit card data.,2017-04-25 00:00:00,"Between March 24th, 2017 and April 18th, 2017",An unknown number of Wisconsin residents who made a purchase with their debit or credit card at a Chipotle restaurant during the time of the breach.,Chipotle,Wisconsin,"March 24th, 2017"," April 18th, 2017"
Payment card data.,2017-04-10 00:00:00,"March 31, 2016 - December 9, 2016",122 Wisconsin residents who had customer accounts with Payless Décor LLC.,Payless Décor LLC,Wisconsin,2016-03-31 00:00:00," December 9, 2016"
"Customer card number, expiration date, name, address and card verification value (CVV).",2017-04-07 00:00:00,Mid-September 2016 - February 2017,An unknown number of Wisconsin residents who made a purchase with a payment card on the GameStop.com website during the time of the breach.,GameStop,Wisconsin,Mid,September 2016 
"W-2 information including name, address, Social Security number and earnings information for 2016.",2017-03-29 00:00:00,"March 28, 2017",8 Wisconsin residents who are current and former employees of Toole Design Group LLC and received a W-2 for 2016.,Toole Design Group LLC,Wisconsin,2017-03-28 00:00:00,
"Patient first and last name, procedure codes, dates of service, patient account number or patient control number, provider identification number and Social Security number in some cases.",2017-03-10 00:00:00,"November 28, 2016",An unknown number of Wisconsin residents who were patients of Metropolitan Urology Group between 2003 and 2010.,Metropolitan Urology Group,Wisconsin,2016-11-28 00:00:00,
"Customer name, address, phone number, email address, payment card number, expiration date and security code (CVV), username and website account password.",2017-03-08 00:00:00,"December 14, 2016 to February 6, 2017","7,569 Wisconsin residents who used prAna’s e-commerce website between December 14, 2016 and February 6, 2017.",prAna,Wisconsin,2016-12-14 00:00:00,2017-02-06 00:00:00
2016 W-2 information.,2017-03-07 00:00:00,"February 13, 2017",1 Wisconsin resident who is an employee of QualiChem Inc. and received a W-2 for 2016.,QualiChem Inc.,Wisconsin,2017-02-13 00:00:00,
"User names, email addresses, telephone numbers and dates of birth.",2017-03-14 00:00:00,August 2014,46 Wisconsin residents who have accounts with the Wishbone app.,"Science Mobile LLC, DBA the Wishbone App",Wisconsin,August 2014,
"W-2 information including name, address, Social Security number and current earnings.",2017-03-07 00:00:00,"February 9, 2017",3 Wisconsin residents who are current and former employees of Dairy Management Inc. and received a W-2 for 2016.,Dairy Management Inc.,Wisconsin,2017-02-09 00:00:00,
"Name, Social Security number, John Deere financial account number and balance information.",2017-02-23 00:00:00,"January 24, 2017",2 Wisconsin residents with John Deere financial accounts.,John Deere Financial,Wisconsin,2017-01-24 00:00:00,
"W-2 information including name, address, Social Security number and wage information.",2017-02-21 00:00:00,"February 3, 2017",124 Wisconsin residents who are current and former employees of InterMountain Management LLC and received a W-2 for 2016.,InterMountain Management LLC,Wisconsin,2017-02-03 00:00:00,
"Encryption keys, cookies, passwords, private messages and other sensitive data.",2017-02-17 00:00:00,"Between September 22, 2016 and February 18, 2017",An unknown number of Wisconsin residents were affected by the breach.,Cloudflare,Wisconsin,2016-09-22 00:00:00," February 18, 2017"
"2016 W-2 information, name, address, Social Security number and wage information.",2017-02-17 00:00:00,"February 16, 2017",495 Wisconsin residents who were employees of Premier Aluminum LLC or Watry Industries LLC and received a W-2 for 2016.,Premium Aluminum LLC and Watry Industries LLC,Wisconsin,2017-02-16 00:00:00,
"Name, address, Social Security number and W-2 information.",2017-02-15 00:00:00,"February 7, 2017",96 Wisconsin residents who are current and former employees of TAB Products Co. LLC and received a W-2 for 2016.,TAB Products Co. LLC,Wisconsin,2017-02-07 00:00:00,
Credit and debit card data.,2017-02-09 00:00:00,"Between October 25, 2016 and January 19, 2017","At this time it is undetermined whether Wisconsin residents were affected by the breach, however there are four corporate locations in Wisconsin. They are located in Hudson, Menominee, Rice Lake and Superior.",Arby's,Wisconsin,2016-10-25 00:00:00," January 19, 2017"
"W-2 information including name, address, Social Security number, payroll and tax withholding information.",2017-02-02 00:00:00,"February 2, 2017",424 current and former employees of Dutchland Plastics who received a W-2 for 2017.,Dutchland Plastics,Wisconsin,2017-02-02 00:00:00,
"Name, address, Social Security number, wages and tax information.",2017-02-01 00:00:00,"January 30, 2017",32 Wisconsin residents who are current and former employees of Dental Services Group and received a W-2 for 2016.,Dental Services Group,Wisconsin,2017-01-30 00:00:00,
"W-2 information including name, address, Social Security number, tax filing status and salary.",2017-01-19 00:00:00,"January 18, 2017",478 current and former employees of the School District of Black River Falls who received a W-2 for 2017.,School District of Black River Falls,Wisconsin,2017-01-18 00:00:00,
"W-2 information including name, address, Social Security number and current earnings.",2017-01-19 00:00:00,"January 18, 2017",431 current and former employees of the Barron Area School District who received a W-2 for 2017.,Barron Area School District,Wisconsin,2017-01-18 00:00:00,
Names and Social Security numbers,2016-12-06 00:00:00,"November 3, 2016",An unknown number of Wisconsin residents who were applicants of the UW Law School from 2005-2006.,UW Law School,Wisconsin,2016-11-03 00:00:00,
"Names, addresses, date of birth and Social Security numbers",2016-11-23 00:00:00,"November 3, 2016","10,344 Wisconsin residents who are currently insured, or were previously insured, under the WINGA group life insurance program.",Wisconsin National Guard Association (WINGA),Wisconsin,2016-11-03 00:00:00,
"Names, addresses, phone numbers, and Social Security numbers",2016-11-08 00:00:00,"November 8, 2016","5,102 Wisconsin residents who were both customers and employees of Van's Honda in Wisconsin.",DealerBuilt,Wisconsin,2016-11-08 00:00:00,
"Name, shipping and billing address and credit card number",2016-11-09 00:00:00,"September 7 - October 24, 2016",202 Wisconsin residents who made a purchase at eileenfisher.com during the time of the breach.,Eileen Fisher,Wisconsin,September 7," October 24, 2016"
Name of provider,2016-09-30 00:00:00,"July 29 - August 2, 2016","6,923 Wisconsin residents who were patients of UW Health and recently received care at a UW clinic or facility.",UW Health,Wisconsin,July 29," August 2, 2016"
"Names, email addresses, telephone numbers, birth dates, encrypted passwords and security questions.",2016-09-22 00:00:00,Late 2014,An unknown number of Wisconsin residents who were Yahoo users during the time of the breach.,Yahoo! Inc.,Wisconsin,Late 2014,
"Names, addresses, driver's license numbers, dates of birth and last four digits of Social Security niumbers.",2016-09-19 00:00:00,"August 22, 2016","An unknown number of Wisconsin residents who purchased hunting and/or fishing licenses through the Active Network online license system of the Idaho, Oregon and Washington Departments of Fish and Wildlife.",Active Network,Wisconsin,2016-08-22 00:00:00,
"Names, addresses, Social Security numbers, dates of birth and health information.",2016-09-02 00:00:00,"July 5, 2016","2,865 Wisconsin residents who were patients of the Medical College of Wisconsin during the time of the breach.",Medical College of Wisconsin,Wisconsin,2016-07-05 00:00:00,
"Name, payment card number, security code and expiration date.",2016-08-18 00:00:00,"January 2, 2016 - July 17, 2016",An unknown number of Wisconsin residents who made a point of sale purchase at an Eddie Bauer retail store during the time of the breach.,Eddie Bauer,Wisconsin,2016-01-02 00:00:00," July 17, 2016"
"Name, Social Security number, compensation and tax withholding information.",2016-08-15 00:00:00,"July 25, 2016",258 Wisconsin residents.,Precision Pipeline LLC,Wisconsin,2016-07-25 00:00:00,
"Credit and debit card data: cardholder name, card number, expiration date and CVV.",2016-06-28 00:00:00,Between January 31st and June 2nd,An unknown number of Wisconsin residents who made purchases with their debit or credit card at Noodles & Company during the time of the breach.,Noodles & Company,Wisconsin,January 31s, June 2nd
"Name, address, Social Security number, compensation figures and dates of birth.",2016-05-25 00:00:00,"April 26, 2016",604 current and former employees of the Milwaukee Bucks who received a W-2 for 2015.,Milwaukee Bucks,Wisconsin,2016-04-26 00:00:00,
"W-2 information including names, addresses, Social Security numbers, income and taxes withheld.",2016-05-02 00:00:00,"April 29, 2016",An unknown number of current and former employees of Mercury Marine.,"Brunswick Corporation, DBA Mercury Marine",Wisconsin,2016-04-29 00:00:00,
"Names, dental patient identification number, appointment dates, dental insurance identification number.",2016-04-14 00:00:00,"Between February 7 and February 17, 2016","2700 patients who were seen at Oneida Health Care Center Between February 7 and February 17, 2016.",Oneida Health Center,Wisconsin,February 7," February 17, 2016"
"Names, Social Security numbers, addresses, earnings and withholding information.",2016-04-25 00:00:00,"April 16, 2016","1,911 current and former employees of Michels Corporation who received a W-2 for 2015.",Michels Corporation,Wisconsin,2016-04-16 00:00:00,
Credit card information,2016-04-14 00:00:00,"Between January 22, 2014 and January 26, 2016","1,729 Wisconsin residents who used their credit cards to make purchases during the time of the breach, were potentially affected.","Schwaab, Inc.",Wisconsin,2014-01-22 00:00:00," January 26, 2016"
"Names, social security numbers, insurance information physician’s name, diagnosis and treatment information.",2016-03-04 00:00:00,"October 3, 2015","1,785 Wisconsin residents who were patients of 21st Century Oncology during the time of the breach.",21st Century Oncology,Wisconsin,2015-10-03 00:00:00,
"Names, addresses and Social Security numbers.",2016-03-09 00:00:00,"February 14, 2016",210 Wisconsin residents and their family members who are employees of Ozaukee County and accessed their Greenshades accounts during the time of the breach.,Greenshades/Ozaukee County,Wisconsin,2016-02-14 00:00:00,
"Names, credit and debit card numbers, expiration dates and card verification codes.",2015-12-04 00:00:00,Between May 18th and November 9th,An unknown number of Wisconsin residents who made purchases with their debit or credit card during the time of the breach.,Kalahari Resort,Wisconsin,May 18th, November 9th
"Name, card number, expiration date, and CVV",2015-11-23 00:00:00,Between March 9th and June 8th,An unknown number of Wisconsin residents who were guests at the resort and made purchases between March 9th and June 8th.,Wilderness Hotel and Golf Resort,Wisconsin,March 9th, June 8th
"Name, address, card number, expiration date, and security code.",2015-10-28 00:00:00,April 2015 and late September 2015,"5,200 Wisconsin residents who purchased tickets on the website during the time of the breach.",Digital Theatre LLC DBA ShowTix4U,Wisconsin,April 2015, late September 2015
"Name, Social Security number, date of birth, and driver's license",2015-10-01 00:00:00,"Sept. 1, 2013 to Sept. 9, 2015",15 million consumers who had a credit check completed for T-Mobile service,Experian,Wisconsin,"Sept. 1, 2013","Sept. 9, 2015"
Name and debit card information,2015-09-29 00:00:00,September,An unknown number of Wisconsin residents who made purchases with their debit card at Kohl’s department stores.,Kohl's,Wisconsin,September,
"Health care records including: Name, date of birth, Social Security number, security question and answer, email address",2015-07-23 00:00:00,"May 7 to May 26, 2015","35,050 Wisconsin consumers",Medical Informatics Engineering,Wisconsin,May 7,2015-05-26 00:00:00
Information on federal background checks.,2015-06-15 00:00:00,Unknown,"The Office of Personnel Management stated that the breach expanded to include current, former, and prospective federal employees, and individuals for whom a federal background check was completed.",Office of Personnel Management,Wisconsin,Unkno,
Personnel data including personally identifiable information.,2015-06-04 00:00:00,April 2015,Approximately 4 million current and former federal government employees.,Office of Personnel Management,Wisconsin,April 2015,
Copies of up to five years' worth of taxpayer filings.,2015-05-26 00:00:00,February - May 2015,"Approximately 100,000 consumers’ tax filings were accessed. There were 200,000 fraudulent attempts to access the tax filings.",Internal Revenue Service,Wisconsin,February, May 2015
Payment cards,2015-05-04 00:00:00,"Between March 6th and April 17th, 2015","41,808 Wisconsin residents who used payment cards at the affected U.S. Sally Beauty stores during this time.","Sally Beauty Holdings, Inc.",Wisconsin,March 6th," April 17th, 2015"
"Credit & debit card numbers, customer names, expiration dates, CVV number",2015-05-01 00:00:00,"September 3, 2014 - April 2, 2015","People who used credit or debit card purchases at the restaurant, bar, and retail outlets at the Hard Rock Hotel & Casino between September 3, 2014 – April 2, 2015.",Hard Rock Hotel & Casino in Las Vegas,Wisconsin,2014-09-03 00:00:00," April 2, 2015"
"Member names, dates of birth, email addresses, addresses, telephone numbers, Social Security numbers, member identification numbers, bank account information, and claims information, including clinical information.",2015-03-17 00:00:00,"May 5, 2014","About 11 million consumers nationwide. Applicants and members of Premera Blue Cross, Premera Blue Cross Blue Shield of Alaska, and affiliate brands Vivacity and Connexion Insurance Salutation’s Inc. Members of other Blue Cross Blue Shield plans who sought treatment in Washington or Alaska are also affected.",Premera Blue Cross,Wisconsin,2014-05-05 00:00:00,
Names and driver's license numbers.,2015-02-27 00:00:00,"May 13, 2014","50,000 Uber drivers.",Uber,Wisconsin,2014-05-13 00:00:00,
"Names, dates of birth, Social Security numbers, medical ID numbers, street addresses, email addresses and employment information, including income data .",2015-02-04 00:00:00,Unknown,Anthem’s current and former members and Anthem employee,Anthem Inc.,Wisconsin,Unkno,
"Customer names, email addresses, phone numbers, mailing addresses, dates of birth, the last 4 digits of the passport number, the last 4 digits of the card number stored in the account, the card expiration date, AAdvantage numbers, information about miles, mileage activity and the amount of mileage points.",2015-01-15 00:00:00,"December 30, 2014","10,000 American Airlines AAdvantage accounts.",American Airlines Inc.,Wisconsin,2014-12-30 00:00:00,
"MileagePlus number, account balance and Premier status. Other account details may also have been viewed such as mailing addresses and the last four digits of the card number saved in the account.",2015-01-06 00:00:00,"December 9, 2014","7,000 United MileagePlus accounts.",United Airlines Inc.,Wisconsin,2014-12-09 00:00:00,
"Card holder names, billing addresses, card numbers, expiration dates and verification codes.",2015-01-13 00:00:00,Unknown,Consumers who used a debit or credit card on pnf.com.,Park 'N Fly Inc.,Wisconsin,Unkno,
"Card holder names, card numbers, expiration dates and verification codes.",2014-12-19 00:00:00,"July 20, 2014 – September 16, 2014","Consumers who shopped at one of the 115 affected stores between July 20, 2014 and September 16, 2014 – approximately 1.16 million payment cards.",Staples Inc.,Wisconsin,2014-07-20 00:00:00," September 16, 2014"
"Card numbers, expiration dates, verification codes and card holder names.",2014-12-09 00:00:00,"November 5, 2009 - September 24, 2014",Consumers who used their debit or credit cards at one of the affected merchants.,Charge Anywhere LLC,Wisconsin,2009-11-05 00:00:00," September 24, 2014"
"Card numbers, expirations dates, verifications codes and card holder names.",2014-12-04 00:00:00,Unknown,"Consumers who shopped at one of Bebe’s 200 retail stores between November 8 and November 26, 2014. UPDATE: December 5, 2014 Bebe Stores Inc. has now posted an official statement about the data breach. Consumers with questions related to this incident can call 1-888-236-0447 Monday through Friday 6:00 AM to 6:00 PM PST.",Bebe Stores Inc.,Wisconsin,Unkno,
"Unreleased movies, sensitive corporate data and Social Security Numbers, dates of birth, names and other personal identifying information of employees.",2014-11-24 00:00:00,"November 24, 2014",Sony Pictures Entertainment employees.,Sony Pictures Entertainment,Wisconsin,2014-11-24 00:00:00,
Mid-September,2014-11-10 00:00:00,Unknown,"All USPS employees and consumers who contacted the Postal Service Call Center with an inquiry by phone or email between January 1, 2014 and August 16th, 2014.",United States Postal Service (USPS),Wisconsin,Unkno,
Credit and debit card numbers,2014-10-10 00:00:00,"September - October 9, 2014",Consumers who used their debit or credit card to shop at Kmart stores between September 2014 and October 9th 2014.,Kmart (wholly owned subsidiary of Sears Holdings Corporation),Wisconsin,September," October 9, 2014"
Customers who swiped their credit or debit cards for purchases made at approximately 216 Jimmy John’s sandwich stores nationwide. Those cards entered manually and online credit and debit card data was not compromised. Five locations in Wisconsin were reported as locations affected. The list of locations affected can be found here.,2014-09-24 00:00:00,"June 16, 2014 – September 5, 2014","On July 30, 2014, Jimmy John’s learned of a possible security incident involving credit and debit card data at some of Jimmy John’s stores and franchised locations by remotely accessing the point-of-sale systems at some corporate and franchised locations between June 16, 2014 and September 5, 2014. The security compromise has been contained, and customers can use their credit and debit cards securely at Jimmy John’s stores. UPDATE (10/29) Signature Systems Inc. is the point-of-sale service used by Jimmy John’s. Signature Systems has confirmed two other Wisconsin businesses were also affected by this breach: Pizzeria Scotty in Milwaukee and Rosati’s in Oconomowoc. A complete list can be found online.",Jimmy John’s Franchise LLC,Wisconsin,2014-06-16 00:00:00," September 5, 2014"
"Credit or debit card number, card expiration date, name, billing address and email address, and possibly Viator account information (email address, encrypted password and Viator ""nickname"")",2014-09-19 00:00:00,"September 2, 2014",Approximately 1.4 million users who used credit or debit cards to purchase travel on Viator’s website or mobile offerings.Also anyone who created an account on Viator may have had their account information compromised.,"Viator, Inc.",Wisconsin,2014-09-02 00:00:00,
Credit/debit card data UPDATE (11/10): email addresses,2014-09-02 00:00:00,"April 1, 2014","Customers who used a credit or debit card to make a purchase at Home Depot stores in the US and Canada starting April 1, 2014. UPDATE (11/10): Customers who have an online account with homedepot.com","Home Depot USA, Inc.",Wisconsin,2014-04-01 00:00:00,
Credit card data,2014-08-29 00:00:00,Unknown,Customers who used a credit cards or debit cards for purchases at an undisclosed number of locations. Details on how many customers might be affected are unknown at this time.,American Dairy Queen Corp.,Wisconsin,Unkno,
Banking and Credit Card Information,2014-08-28 00:00:00,"August, Exact Dates Unknown",Unknown at this time,JP Morgan Chase & Co,Wisconsin,"August, Exact Dates Unkno",
"User names, email addresses, passwords",2014-08-15 00:00:00,"August 5 – 7, 2014",An undisclosed number of people with MeetMe user accounts.,"MeetMe, Inc.",Wisconsin,August 5," 7, 2014"
Credit and debit card payment information,2014-08-15 00:00:00,"June 22, 2014 – July 17, 2014","An undetermined number of customers who used their credit or debit card for payment during the above dates. Only some Jewel-Osco stores, exact locations yet unknown, in Illinois, Indiana and Iowa were affected. Customers of other stores under the operating company, AB Acquisition LLC, were also affected. Albertsons stores in Southern California, Idaho, Montana, North Dakota, Nevada, Oregon, Washington, Wyoming and Southern Utah were impacted. In addition, ACME Markets in Pennsylvania, Maryland, Delaware and New Jersey; and Shaw’s and Star Markets stores in Maine, Massachusetts, Vermont, New Hampshire and Rhode Island were all impacted by this incident.",Jewel – Osco,Wisconsin,2014-06-22 00:00:00," July 17, 2014"
Social Security Numbers and Call Records,2014-06-13 00:00:00,"Between April 9 and April 21, 2014",AT & T Customers,AT & T,Wisconsin,April 9," April 21, 2014"
Credit & Debit Card Information,2014-06-10 00:00:00,"March 2014 through May 30, 2014","Consumers who used their debit and/or credit card at PF Chang’s China Bistro anytime between March 2014 and May 30, 2014.",PF Chang’s China Bistro,Wisconsin,March 2014,2014-05-30 00:00:00
"Customer names, account passwords, email addresses, physical addresses, phone numbers and birth dates.",2014-05-21 00:00:00,"Late February, Early March 2014","On Wednesday, May 21, 2014 eBay announced that hackers broke into their database and stole user information.",eBay,Wisconsin,"Late February, Early March 2014",
Payment card information: Payment card number and expiration date.,"January 27, 2014 & April 17, 2014","May 8, 2013 through January 27, 2014","Approximately 3 million Michael’s Stores customers and approximately 400,000 Aaron Brother’s customers.","Michaels Stores, Inc. & Aaron Brothers",Wisconsin,2013-05-08 00:00:00,2014-01-27 00:00:00
Usernames & passwords,2014-01-31 00:00:00,"January 31, 2014","Yahoo, Inc. email users","Yahoo, Inc.",Wisconsin,2014-01-31 00:00:00,
"Unity member number, date of birth, city of residence, name of prescribed drug, and date of service, if any.",2014-01-31 00:00:00,"December 12, 2014","41,437 Unity Health Insurance members may have been affected by the breach..",Unity Health Insurance,Wisconsin,2014-12-12 00:00:00,
"Approximately 1.1 million customers who shopped at Neiman Marcus between July 16 and October 30, 2013.",2014-01-10 00:00:00,"July 16 – October 30, 2013","Neiman Marcus confirmed Saturday that its customers are at risk after hackers breached the company’s servers and accessed the payment information of those who visited its stores.The company said that the malware had been put into its system and had stolen payment data off cards used from July 16 to Oct. 30. During those months, approximately 1,100,000 customer payment cards could have potentially been visible to the malware capable of fraudulently obtaining payment card information.",Neiman Marcus,Wisconsin,July 16," October 30, 2013"
Usernames and Phone Numbers,2014-01-01 00:00:00,December 2013,Approximately 4.6 million Snapchat users.,Snapchat,Wisconsin,December 2013,
"The breach involves the theft of information stored on the magnetic stripe on the backs of credit or debit cards used by consumers in all US Stores. The information involved in this incident included customer name, credit or debit card number, and the card’s expiration date and CVV (three-digit security code).",2013-12-19 00:00:00,"November 27, 2013 – December 15, 2013","Approximately 40 million customers who made purchases using credit or debit cards at its U.S. stores between November 27 and December 15, 2013.",Target Corp.,Wisconsin,2013-11-27 00:00:00," December 15, 2013"
Website login credentials (usernames) and passwords,2013-12-03 00:00:00,"November 24, 2013","Approximately two million Facebook, LinkedIn, Twitter, Gmail and Yahoo users.","Facebook, LinkedIn, Twitter, Gmail, & Yahoo",Wisconsin,2013-11-24 00:00:00,
"Names, addresses, dates of birth, Social Security numbers, and gender. Approximately 6,000 City of Milwaukee employees and 3,000 of their spouses and domestic partners.",2013-11-16 00:00:00,"October 22, 2013","On October 22, 2013, Dynacare learned that a flash drive inside a car stolen from a Dynacare employee contained patient information. The theft occurred overnight and was immediately reported to the Milwaukee Police Department the morning of October 22, 2013. After a thorough Investigation, it was determined that the stolen flash drive contained a database with patient demographic information, this included patient names, addresses, dates of birth, Social Security numbers, and gender. No financial information, medical records, or test results were included in the database.","Dynacare Laboratories, Milwaukee",Wisconsin,2013-10-22 00:00:00,
"Patient's name and account number, date(s) of service, and the charges associated with each date of service. The statements also included the name, address and identification number for the guarantor on the account. Other personal information, such as social security number, date of birth, and specific health conditions, were not included in the disclosure.",2013-10-04 00:00:00,"August 6, 2013",Patients who received care/services at Memorial Hospital of Lafayette County that date back to 2001 through the present.,Memorial Hospital of Lafayette County,Wisconsin,2013-08-06 00:00:00,
"Patient name, date of birth, medical record and account numbers, provider and department of service, bed and room number, date and time of service, visit history, complaint, diagnosis, procedures, test results, vaccines, if administered, and medications.",2013-10-01 00:00:00,"August 27, 2013","They have identified 629 patients who may have been affected and are notifying each of the patients or their guardians by letters mailed September 30, 2013. These patients received care at St. Mary’s Janesville Hospital in the emergency department between January 1 and August 26, 2013.",St. Mary’s Janesville Hospital,Wisconsin,2013-08-27 00:00:00,
"Customer names, passwords and payment (debit & credit) card numbers as well as the source code for Adobe products",2013-10-04 00:00:00,"October 4, 2013",Approximately 2.9 million Adobe customers.,Adobe,Wisconsin,2013-10-04 00:00:00,
"Name, mailing address, email address, phone number and credit card numbers with expiration dates.",2013-05-22 00:00:00,"April 25, 2013","Vendini provides box office and online ticketing services to hundreds of entertainment venues, which includes tour, casino, sports, and arts organizations across the U.S. and Canada. For those who have used a credit card to make a purchase for an event that was processed through Vendini’s service, their information may have been compromised.","Vendini, Inc.",Wisconsin,2013-04-25 00:00:00,
Email addresses and telephone numbers.,Sometime in 2012,"April 26, 2013",Approximately 6 million Facebook users had email addresses or telephone numbers shared in a download at least one or two times.,Facebook,Wisconsin,2013-04-26 00:00:00,
"Name, Social Security Number, Date of Birth, Address, Driver’s License Number, copies of tax information and other government forms that TerraCom is required by law to obtain and use in order to determine applicant eligibility for the Lifeline program.",2013-04-26 00:00:00,"April 26, 2013","The data accessed belonged to 150,000 applicants seeking enrollment in the federal Lifeline telephone program administered by the Federal Communications Commission (FCC). Approximately 875 of the 150,000 are Wisconsin residents.","TerraCom, Inc. (""TerraCom"")",Wisconsin,2013-04-26 00:00:00,
"Names, birthdates, race, contact information and social security numbers",2013-04-09 00:00:00,"March 13, 2013","Individuals who applied for college-credit classes between February 25, 2005 and March 13, 2013.",Kirkwood Community College (ADPI),Wisconsin,2013-03-13 00:00:00,
"A computer virus may have allowed an unauthorized person to access an employee of Froedtert Health’s work computer account that contained personally identifiable information (PII) of approximately 43,000 patients.",2013-02-13 00:00:00,"December 14, 2012","Although there was no evidence found that any unauthorized person accessed any personal information or medical records, the expert computer forensics company couldn’t definitively rule out the possibility that the virus was able to obtain information stored in this employee’s work computer account, so they felt it was important to make the public aware of this incident. The file in the employee’s work computer account contained patient information including names, addresses, telephone numbers, dates of birth, medical record numbers, names and health insurers, diagnosis, other clinical information, and in some instances, Social Security Numbers. Financial information was not stored in any files in the employee’s work computer.",Froedtert Health,Wisconsin,2012-12-14 00:00:00,
,,,Who’s Affected,,Wisconsin,a,
"Usernames, email addresses, and encrypted passwords.",2013-02-01 00:00:00,"February 1, 2013","Approximately 250,000 Twitter users.","Twitter, Inc.",Wisconsin,2013-02-01 00:00:00,
"Stolen data may have included name, driver’s license number, social security number and bank account information.",2012-12-21 00:00:00,"November 29, 2012","Individual’s whose information may have been exposed included customers of the Skagit Valley Casino Resort, and/or customers who have been to a casino in Las Vegas or a casino that uses Bally’s as a vendor. Bally Technologies, Inc. (""Bally"") is a slot manufacturing company, their primary technologies include gaming devices for land-based, riverboat and Native American casinos, video lottery and central determination markets.",Skagit Valley Casino Resort,Wisconsin,2012-11-29 00:00:00,
"Name, Date of Birth and Social Security Number",2012-11-29 00:00:00,"June 15, 2012 to October 1, 2012","Individuals whose information may have been exposed included patients who received services from certain ambulance agencies associated with Advanced Data Processing, Inc.","Advanced Data Processing, Inc. (ADPI)",Wisconsin,2012-06-15 00:00:00,2012-10-01 00:00:00
"Names, Social Security Numbers, driver’s license numbers, credit card numbers, and/or personal information.",2012-11-26 00:00:00,"October 11, 2012","Individual whose information may have been exposed includes employees, former employees, and employees who applied for employment at Pinnacle’s Darien, Wisconsin location.","Pinnacle Foods Group, LLC",Wisconsin,2012-10-11 00:00:00,
"Individual’s Name and a combination of: Social Security number, driver’s license number and/or date of birth and possibly marital status, gender and occupation, and the name and address of their employer.",2012-11-16 00:00:00,"October 3, 2012","Nationwide’s records indicate that the information of some customers and other individuals who received a quote on auto insurance from Nationwide or Allied, either online, via phone or through an agent at some point during the thirteen months prior to the attack on October 3, 2012.",Nationwide Insurance Company,Wisconsin,2012-10-03 00:00:00,
"Name, Address, Date of Birth, Social Security Number, Diagnosis",2012-10-24 00:00:00,"September 23, 2012","More than 100,000; among those affected include 1,736 Wisconsin residents.",Alere Home Monitoring,Wisconsin,2012-09-23 00:00:00,
Social Security Numbers,2012-07-24 00:00:00,April 2012 – July 2012,The first seller listed on the real estate property return.,Department of Revenue (DOR),Wisconsin,April 2012, July 2012
Email address and passwords,2012-07-12 00:00:00,"July 11, 2012","This affects those who use: Yahoo!, Gmail, MSN, Hotmail, Comcast and AOL (because Yahoo! Voices allows you to sign in using different email addresses)",Yahoo! Voices,Wisconsin,2012-07-11 00:00:00,
Access to approximately 6.5 million customer passwords,2012-06-06 00:00:00,"June 6, 2012",About 6.5 million LinkedIn users were affected. The company notified members that have accounts associated with compromised passwords to notify them their account password is no longer valid; this notification included instructions on how to change their passwords.,LinkedIn,Wisconsin,2012-06-06 00:00:00,
"Employee names, Social security numbers, Salary information",2012-04-21 00:00:00,"April 12, 2012","Unspecified number of employees. Under Armour Inc. employs 5,400 employees around the world.",Under Armour Inc.,Wisconsin,2012-04-12 00:00:00,
